Year,Month,Value,city,month_date,treated,time
2020,Nov,5.1,Austin,2020-11-01,0,0
2020,Dec,4.9,Austin,2020-12-01,0,0
2021,Jan,5.3,Austin,2021-01-01,0,0
2021,Feb,5.2,Austin,2021-02-01,0,0
2021,Mar,4.9,Austin,2021-03-01,0,0
2021,Apr,4.3,Austin,2021-04-01,0,0
2021,May,4.1,Austin,2021-05-01,0,0
2021,Jun,4.6,Austin,2021-06-01,0,0
2021,Jul,4.2,Austin,2021-07-01,0,0
2021,Aug,3.9,Austin,2021-08-01,0,0
2021,Sep,3.7,Austin,2021-09-01,0,0
2021,Oct,3.5,Austin,2021-10-01,0,0
2021,Nov,3.3,Austin,2021-11-01,0,0
2021,Dec,3,Austin,2021-12-01,0,0
2022,Jan,3.5,Austin,2022-01-01,0,1
2022,Feb,3.3,Austin,2022-02-01,0,1
2022,Mar,2.9,Austin,2022-03-01,0,1
2022,Apr,2.6,Austin,2022-04-01,0,1
2022,May,2.8,Austin,2022-05-01,0,1
2022,Jun,3.2,Austin,2022-06-01,0,1
2022,Jul,3.1,Austin,2022-07-01,0,1
2022,Aug,3.1,Austin,2022-08-01,0,1
2022,Sep,3,Austin,2022-09-01,0,1
2022,Oct,3,Austin,2022-10-01,0,1
2022,Nov,3,Austin,2022-11-01,0,1
2022,Dec,2.9,Austin,2022-12-01,0,1
2023,Jan,3.4,Austin,2023-01-01,0,1
2023,Feb,3.7,Austin,2023-02-01,0,1
2023,Mar,3.4,Austin,2023-03-01,0,1
2023,Apr,3,Austin,2023-04-01,0,1
2023,May,3.4,Austin,2023-05-01,0,1
2023,Jun,3.6,Austin,2023-06-01,0,1
2023,Jul,3.7,Austin,2023-07-01,0,1
2023,Aug,3.8,Austin,2023-08-01,0,1
2023,Sep,3.6,Austin,2023-09-01,0,1
2023,Oct,3.4,Austin,2023-10-01,0,1
2023,Nov,3.2,Austin,2023-11-01,0,1
2023,Dec,3.2,Austin,2023-12-01,0,1
2024,Jan,3.6,Austin,2024-01-01,0,1
2024,Feb,3.7,Austin,2024-02-01,0,1
2024,Mar,3.5,Austin,2024-03-01,0,1
2024,Apr,3.1,Austin,2024-04-01,0,1
2024,May,3.3,Austin,2024-05-01,0,1
2024,Jun,3.8,Austin,2024-06-01,0,1
2024,Jul,3.8,Austin,2024-07-01,0,1
2024,Aug,3.8,Austin,2024-08-01,0,1
2024,Sep,3.5,Austin,2024-09-01,0,1
2024,Oct,3.5,Austin,2024-10-01,0,1
2024,Nov,3.5,Austin,2024-11-01,0,1
2024,Dec,3.1,Austin,2024-12-01,0,1
2025,Jan,3.5,Austin,2025-01-01,0,1
2020,Nov,10.3,Bakersfield,2020-11-01,0,0
2020,Dec,10.9,Bakersfield,2020-12-01,0,0
2021,Jan,11.4,Bakersfield,2021-01-01,0,0
2021,Feb,11.7,Bakersfield,2021-02-01,0,0
2021,Mar,11.9,Bakersfield,2021-03-01,0,0
2021,Apr,11.4,Bakersfield,2021-04-01,0,0
2021,May,10.3,Bakersfield,2021-05-01,0,0
2021,Jun,11.4,Bakersfield,2021-06-01,0,0
2021,Jul,10.5,Bakersfield,2021-07-01,0,0
2021,Aug,9.7,Bakersfield,2021-08-01,0,0
2021,Sep,8.4,Bakersfield,2021-09-01,0,0
2021,Oct,7.9,Bakersfield,2021-10-01,0,0
2021,Nov,7.2,Bakersfield,2021-11-01,0,0
2021,Dec,7.4,Bakersfield,2021-12-01,0,0
2022,Jan,8.4,Bakersfield,2022-01-01,0,1
2022,Feb,8.2,Bakersfield,2022-02-01,0,1
2022,Mar,7.9,Bakersfield,2022-03-01,0,1
2022,Apr,7.1,Bakersfield,2022-04-01,0,1
2022,May,6.5,Bakersfield,2022-05-01,0,1
2022,Jun,7.1,Bakersfield,2022-06-01,0,1
2022,Jul,6.9,Bakersfield,2022-07-01,0,1
2022,Aug,6.7,Bakersfield,2022-08-01,0,1
2022,Sep,6,Bakersfield,2022-09-01,0,1
2022,Oct,6.3,Bakersfield,2022-10-01,0,1
2022,Nov,6.6,Bakersfield,2022-11-01,0,1
2022,Dec,7,Bakersfield,2022-12-01,0,1
2023,Jan,8.2,Bakersfield,2023-01-01,0,1
2023,Feb,9,Bakersfield,2023-02-01,0,1
2023,Mar,9.2,Bakersfield,2023-03-01,0,1
2023,Apr,8.1,Bakersfield,2023-04-01,0,1
2023,May,8.1,Bakersfield,2023-05-01,0,1
2023,Jun,8.5,Bakersfield,2023-06-01,0,1
2023,Jul,8.2,Bakersfield,2023-07-01,0,1
2023,Aug,8,Bakersfield,2023-08-01,0,1
2023,Sep,7.2,Bakersfield,2023-09-01,0,1
2023,Oct,7.5,Bakersfield,2023-10-01,0,1
2023,Nov,7.6,Bakersfield,2023-11-01,0,1
2023,Dec,8.4,Bakersfield,2023-12-01,0,1
2024,Jan,9,Bakersfield,2024-01-01,0,1
2024,Feb,9.7,Bakersfield,2024-02-01,0,1
2024,Mar,9.7,Bakersfield,2024-03-01,0,1
2024,Apr,8.8,Bakersfield,2024-04-01,0,1
2024,May,8.4,Bakersfield,2024-05-01,0,1
2024,Jun,9,Bakersfield,2024-06-01,0,1
2024,Jul,9.3,Bakersfield,2024-07-01,0,1
2024,Aug,8.5,Bakersfield,2024-08-01,0,1
2024,Sep,7.5,Bakersfield,2024-09-01,0,1
2024,Oct,7.6,Bakersfield,2024-10-01,0,1
2024,Nov,8,Bakersfield,2024-11-01,0,1
2024,Dec,8.2,Bakersfield,2024-12-01,0,1
2025,Jan,9,Bakersfield,2025-01-01,0,1
2020,Nov,3.7,Billings,2020-11-01,0,0
2020,Dec,3.9,Billings,2020-12-01,0,0
2021,Jan,4.3,Billings,2021-01-01,0,0
2021,Feb,4.4,Billings,2021-02-01,0,0
2021,Mar,3.9,Billings,2021-03-01,0,0
2021,Apr,3.4,Billings,2021-04-01,0,0
2021,May,2.9,Billings,2021-05-01,0,0
2021,Jun,3.7,Billings,2021-06-01,0,0
2021,Jul,3.2,Billings,2021-07-01,0,0
2021,Aug,2.9,Billings,2021-08-01,0,0
2021,Sep,2.2,Billings,2021-09-01,0,0
2021,Oct,2.3,Billings,2021-10-01,0,0
2021,Nov,2.2,Billings,2021-11-01,0,0
2021,Dec,2.4,Billings,2021-12-01,0,0
2022,Jan,3.1,Billings,2022-01-01,0,1
2022,Feb,2.8,Billings,2022-02-01,0,1
2022,Mar,2.6,Billings,2022-03-01,0,1
2022,Apr,2.4,Billings,2022-04-01,0,1
2022,May,2.2,Billings,2022-05-01,0,1
2022,Jun,2.8,Billings,2022-06-01,0,1
2022,Jul,2.5,Billings,2022-07-01,0,1
2022,Aug,2.4,Billings,2022-08-01,0,1
2022,Sep,1.9,Billings,2022-09-01,0,1
2022,Oct,2.1,Billings,2022-10-01,0,1
2022,Nov,1.9,Billings,2022-11-01,0,1
2022,Dec,2.2,Billings,2022-12-01,0,1
2023,Jan,2.7,Billings,2023-01-01,0,1
2023,Feb,2.6,Billings,2023-02-01,0,1
2023,Mar,2.5,Billings,2023-03-01,0,1
2023,Apr,2.1,Billings,2023-04-01,0,1
2023,May,2.1,Billings,2023-05-01,0,1
2023,Jun,2.5,Billings,2023-06-01,0,1
2023,Jul,2.3,Billings,2023-07-01,0,1
2023,Aug,2.4,Billings,2023-08-01,0,1
2023,Sep,2.1,Billings,2023-09-01,0,1
2023,Oct,2.4,Billings,2023-10-01,0,1
2023,Nov,2.3,Billings,2023-11-01,0,1
2023,Dec,3,Billings,2023-12-01,0,1
2024,Jan,3.4,Billings,2024-01-01,0,1
2024,Feb,3.3,Billings,2024-02-01,0,1
2024,Mar,2.9,Billings,2024-03-01,0,1
2024,Apr,2.6,Billings,2024-04-01,0,1
2024,May,2.5,Billings,2024-05-01,0,1
2024,Jun,3.1,Billings,2024-06-01,0,1
2024,Jul,3,Billings,2024-07-01,0,1
2024,Aug,2.8,Billings,2024-08-01,0,1
2024,Sep,2.4,Billings,2024-09-01,0,1
2024,Oct,2.3,Billings,2024-10-01,0,1
2024,Nov,2.4,Billings,2024-11-01,0,1
2024,Dec,2.8,Billings,2024-12-01,0,1
2025,Jan,3,Billings,2025-01-01,0,1
2020,Nov,6.9,Casper,2020-11-01,0,0
2020,Dec,7.2,Casper,2020-12-01,0,0
2021,Jan,8.1,Casper,2021-01-01,0,0
2021,Feb,8,Casper,2021-02-01,0,0
2021,Mar,7.4,Casper,2021-03-01,0,0
2021,Apr,6.8,Casper,2021-04-01,0,0
2021,May,5.8,Casper,2021-05-01,0,0
2021,Jun,6.2,Casper,2021-06-01,0,0
2021,Jul,5.3,Casper,2021-07-01,0,0
2021,Aug,5,Casper,2021-08-01,0,0
2021,Sep,4.1,Casper,2021-09-01,0,0
2021,Oct,3.9,Casper,2021-10-01,0,0
2021,Nov,3.9,Casper,2021-11-01,0,0
2021,Dec,3.9,Casper,2021-12-01,0,0
2022,Jan,5,Casper,2022-01-01,0,1
2022,Feb,4.6,Casper,2022-02-01,0,1
2022,Mar,4.2,Casper,2022-03-01,0,1
2022,Apr,3.8,Casper,2022-04-01,0,1
2022,May,3.5,Casper,2022-05-01,0,1
2022,Jun,3.6,Casper,2022-06-01,0,1
2022,Jul,3.4,Casper,2022-07-01,0,1
2022,Aug,3.5,Casper,2022-08-01,0,1
2022,Sep,3.1,Casper,2022-09-01,0,1
2022,Oct,3.1,Casper,2022-10-01,0,1
2022,Nov,3.3,Casper,2022-11-01,0,1
2022,Dec,3.4,Casper,2022-12-01,0,1
2023,Jan,4.1,Casper,2023-01-01,0,1
2023,Feb,3.9,Casper,2023-02-01,0,1
2023,Mar,3.7,Casper,2023-03-01,0,1
2023,Apr,3,Casper,2023-04-01,0,1
2023,May,2.7,Casper,2023-05-01,0,1
2023,Jun,2.8,Casper,2023-06-01,0,1
2023,Jul,2.7,Casper,2023-07-01,0,1
2023,Aug,2.6,Casper,2023-08-01,0,1
2023,Sep,2.5,Casper,2023-09-01,0,1
2023,Oct,2.6,Casper,2023-10-01,0,1
2023,Nov,2.7,Casper,2023-11-01,0,1
2023,Dec,2.7,Casper,2023-12-01,0,1
2024,Jan,3.6,Casper,2024-01-01,0,1
2024,Feb,3.5,Casper,2024-02-01,0,1
2024,Mar,3.4,Casper,2024-03-01,0,1
2024,Apr,3,Casper,2024-04-01,0,1
2024,May,2.9,Casper,2024-05-01,0,1
2024,Jun,3.2,Casper,2024-06-01,0,1
2024,Jul,3.2,Casper,2024-07-01,0,1
2024,Aug,3.2,Casper,2024-08-01,0,1
2024,Sep,2.9,Casper,2024-09-01,0,1
2024,Oct,3.2,Casper,2024-10-01,0,1
2024,Nov,3.5,Casper,2024-11-01,0,1
2024,Dec,3.7,Casper,2024-12-01,0,1
2025,Jan,4.3,Casper,2025-01-01,0,1
2020,Nov,6,Dallas,2020-11-01,0,0
2020,Dec,5.9,Dallas,2020-12-01,0,0
2021,Jan,6.3,Dallas,2021-01-01,0,0
2021,Feb,6.1,Dallas,2021-02-01,0,0
2021,Mar,5.8,Dallas,2021-03-01,0,0
2021,Apr,5.3,Dallas,2021-04-01,0,0
2021,May,5.1,Dallas,2021-05-01,0,0
2021,Jun,5.7,Dallas,2021-06-01,0,0
2021,Jul,5.2,Dallas,2021-07-01,0,0
2021,Aug,4.8,Dallas,2021-08-01,0,0
2021,Sep,4.5,Dallas,2021-09-01,0,0
2021,Oct,4.2,Dallas,2021-10-01,0,0
2021,Nov,3.9,Dallas,2021-11-01,0,0
2021,Dec,3.6,Dallas,2021-12-01,0,0
2022,Jan,4.1,Dallas,2022-01-01,0,1
2022,Feb,3.9,Dallas,2022-02-01,0,1
2022,Mar,3.4,Dallas,2022-03-01,0,1
2022,Apr,3.2,Dallas,2022-04-01,0,1
2022,May,3.3,Dallas,2022-05-01,0,1
2022,Jun,3.8,Dallas,2022-06-01,0,1
2022,Jul,3.7,Dallas,2022-07-01,0,1
2022,Aug,3.6,Dallas,2022-08-01,0,1
2022,Sep,3.5,Dallas,2022-09-01,0,1
2022,Oct,3.5,Dallas,2022-10-01,0,1
2022,Nov,3.5,Dallas,2022-11-01,0,1
2022,Dec,3.4,Dallas,2022-12-01,0,1
2023,Jan,3.9,Dallas,2023-01-01,0,1
2023,Feb,4.1,Dallas,2023-02-01,0,1
2023,Mar,3.8,Dallas,2023-03-01,0,1
2023,Apr,3.4,Dallas,2023-04-01,0,1
2023,May,3.7,Dallas,2023-05-01,0,1
2023,Jun,4,Dallas,2023-06-01,0,1
2023,Jul,4,Dallas,2023-07-01,0,1
2023,Aug,4.1,Dallas,2023-08-01,0,1
2023,Sep,3.9,Dallas,2023-09-01,0,1
2023,Oct,3.7,Dallas,2023-10-01,0,1
2023,Nov,3.5,Dallas,2023-11-01,0,1
2023,Dec,3.5,Dallas,2023-12-01,0,1
2024,Jan,3.9,Dallas,2024-01-01,0,1
2024,Feb,4.1,Dallas,2024-02-01,0,1
2024,Mar,3.8,Dallas,2024-03-01,0,1
2024,Apr,3.5,Dallas,2024-04-01,0,1
2024,May,3.7,Dallas,2024-05-01,0,1
2024,Jun,4.3,Dallas,2024-06-01,0,1
2024,Jul,4.3,Dallas,2024-07-01,0,1
2024,Aug,4.2,Dallas,2024-08-01,0,1
2024,Sep,3.9,Dallas,2024-09-01,0,1
2024,Oct,3.9,Dallas,2024-10-01,0,1
2024,Nov,3.9,Dallas,2024-11-01,0,1
2024,Dec,3.5,Dallas,2024-12-01,0,1
2025,Jan,3.9,Dallas,2025-01-01,0,1
2020,Nov,7.7,El Paso,2020-11-01,0,0
2020,Dec,7.3,El Paso,2020-12-01,0,0
2021,Jan,7.6,El Paso,2021-01-01,0,0
2021,Feb,7.3,El Paso,2021-02-01,0,0
2021,Mar,6.8,El Paso,2021-03-01,0,0
2021,Apr,6.3,El Paso,2021-04-01,0,0
2021,May,6,El Paso,2021-05-01,0,0
2021,Jun,6.8,El Paso,2021-06-01,0,0
2021,Jul,6.1,El Paso,2021-07-01,0,0
2021,Aug,5.7,El Paso,2021-08-01,0,0
2021,Sep,5.2,El Paso,2021-09-01,0,0
2021,Oct,5,El Paso,2021-10-01,0,0
2021,Nov,4.6,El Paso,2021-11-01,0,0
2021,Dec,4.3,El Paso,2021-12-01,0,0
2022,Jan,4.9,El Paso,2022-01-01,0,1
2022,Feb,4.6,El Paso,2022-02-01,0,1
2022,Mar,4,El Paso,2022-03-01,0,1
2022,Apr,3.7,El Paso,2022-04-01,0,1
2022,May,3.9,El Paso,2022-05-01,0,1
2022,Jun,4.4,El Paso,2022-06-01,0,1
2022,Jul,4.2,El Paso,2022-07-01,0,1
2022,Aug,4.2,El Paso,2022-08-01,0,1
2022,Sep,4.1,El Paso,2022-09-01,0,1
2022,Oct,4.1,El Paso,2022-10-01,0,1
2022,Nov,4.1,El Paso,2022-11-01,0,1
2022,Dec,3.8,El Paso,2022-12-01,0,1
2023,Jan,4.5,El Paso,2023-01-01,0,1
2023,Feb,4.7,El Paso,2023-02-01,0,1
2023,Mar,4.3,El Paso,2023-03-01,0,1
2023,Apr,3.8,El Paso,2023-04-01,0,1
2023,May,4.1,El Paso,2023-05-01,0,1
2023,Jun,4.3,El Paso,2023-06-01,0,1
2023,Jul,4.6,El Paso,2023-07-01,0,1
2023,Aug,4.6,El Paso,2023-08-01,0,1
2023,Sep,4.3,El Paso,2023-09-01,0,1
2023,Oct,4.2,El Paso,2023-10-01,0,1
2023,Nov,3.9,El Paso,2023-11-01,0,1
2023,Dec,3.8,El Paso,2023-12-01,0,1
2024,Jan,4.3,El Paso,2024-01-01,0,1
2024,Feb,4.4,El Paso,2024-02-01,0,1
2024,Mar,4.1,El Paso,2024-03-01,0,1
2024,Apr,3.7,El Paso,2024-04-01,0,1
2024,May,3.9,El Paso,2024-05-01,0,1
2024,Jun,4.5,El Paso,2024-06-01,0,1
2024,Jul,4.5,El Paso,2024-07-01,0,1
2024,Aug,4.5,El Paso,2024-08-01,0,1
2024,Sep,4.1,El Paso,2024-09-01,0,1
2024,Oct,4.1,El Paso,2024-10-01,0,1
2024,Nov,4.2,El Paso,2024-11-01,0,1
2024,Dec,3.7,El Paso,2024-12-01,0,1
2025,Jan,4.2,El Paso,2025-01-01,0,1
2020,Nov,9.4,Farmington,2020-11-01,0,0
2020,Dec,9.7,Farmington,2020-12-01,0,0
2021,Jan,10.6,Farmington,2021-01-01,0,0
2021,Feb,10.4,Farmington,2021-02-01,0,0
2021,Mar,9.5,Farmington,2021-03-01,0,0
2021,Apr,9,Farmington,2021-04-01,0,0
2021,May,8.4,Farmington,2021-05-01,0,0
2021,Jun,10.3,Farmington,2021-06-01,0,0
2021,Jul,9.9,Farmington,2021-07-01,0,0
2021,Aug,8.2,Farmington,2021-08-01,0,0
2021,Sep,7.2,Farmington,2021-09-01,0,0
2021,Oct,6.7,Farmington,2021-10-01,0,0
2021,Nov,6.6,Farmington,2021-11-01,0,0
2021,Dec,6,Farmington,2021-12-01,0,0
2022,Jan,6.7,Farmington,2022-01-01,0,1
2022,Feb,5.9,Farmington,2022-02-01,0,1
2022,Mar,5.1,Farmington,2022-03-01,0,1
2022,Apr,4.7,Farmington,2022-04-01,0,1
2022,May,4.5,Farmington,2022-05-01,0,1
2022,Jun,5.8,Farmington,2022-06-01,0,1
2022,Jul,5.3,Farmington,2022-07-01,0,1
2022,Aug,4.2,Farmington,2022-08-01,0,1
2022,Sep,3.8,Farmington,2022-09-01,0,1
2022,Oct,3.7,Farmington,2022-10-01,0,1
2022,Nov,3.8,Farmington,2022-11-01,0,1
2022,Dec,3.6,Farmington,2022-12-01,0,1
2023,Jan,4.5,Farmington,2023-01-01,0,1
2023,Feb,4.4,Farmington,2023-02-01,0,1
2023,Mar,3.8,Farmington,2023-03-01,0,1
2023,Apr,3.6,Farmington,2023-04-01,0,1
2023,May,3.9,Farmington,2023-05-01,0,1
2023,Jun,5.1,Farmington,2023-06-01,0,1
2023,Jul,5.2,Farmington,2023-07-01,0,1
2023,Aug,4.4,Farmington,2023-08-01,0,1
2023,Sep,3.9,Farmington,2023-09-01,0,1
2023,Oct,3.9,Farmington,2023-10-01,0,1
2023,Nov,3.8,Farmington,2023-11-01,0,1
2023,Dec,3.7,Farmington,2023-12-01,0,1
2024,Jan,4.4,Farmington,2024-01-01,0,1
2024,Feb,4.5,Farmington,2024-02-01,0,1
2024,Mar,4,Farmington,2024-03-01,0,1
2024,Apr,3.9,Farmington,2024-04-01,0,1
2024,May,4.2,Farmington,2024-05-01,0,1
2024,Jun,5.8,Farmington,2024-06-01,0,1
2024,Jul,6.2,Farmington,2024-07-01,0,1
2024,Aug,5,Farmington,2024-08-01,0,1
2024,Sep,4.6,Farmington,2024-09-01,0,1
2024,Oct,4.5,Farmington,2024-10-01,0,1
2024,Nov,4.6,Farmington,2024-11-01,0,1
2024,Dec,4.2,Farmington,2024-12-01,0,1
2025,Jan,5.1,Farmington,2025-01-01,0,1
2020,Nov,5.9,Grand Junction,2020-11-01,0,0
2020,Dec,6.4,Grand Junction,2020-12-01,0,0
2021,Jan,7.3,Grand Junction,2021-01-01,0,0
2021,Feb,6.9,Grand Junction,2021-02-01,0,0
2021,Mar,6.7,Grand Junction,2021-03-01,0,0
2021,Apr,6.2,Grand Junction,2021-04-01,0,0
2021,May,5.9,Grand Junction,2021-05-01,0,0
2021,Jun,6.7,Grand Junction,2021-06-01,0,0
2021,Jul,6.2,Grand Junction,2021-07-01,0,0
2021,Aug,5.5,Grand Junction,2021-08-01,0,0
2021,Sep,4.8,Grand Junction,2021-09-01,0,0
2021,Oct,4.7,Grand Junction,2021-10-01,0,0
2021,Nov,4.3,Grand Junction,2021-11-01,0,0
2021,Dec,4.2,Grand Junction,2021-12-01,0,0
2022,Jan,5,Grand Junction,2022-01-01,0,1
2022,Feb,4.5,Grand Junction,2022-02-01,0,1
2022,Mar,3.8,Grand Junction,2022-03-01,0,1
2022,Apr,3.1,Grand Junction,2022-04-01,0,1
2022,May,3,Grand Junction,2022-05-01,0,1
2022,Jun,3.4,Grand Junction,2022-06-01,0,1
2022,Jul,3.4,Grand Junction,2022-07-01,0,1
2022,Aug,3.1,Grand Junction,2022-08-01,0,1
2022,Sep,2.8,Grand Junction,2022-09-01,0,1
2022,Oct,3,Grand Junction,2022-10-01,0,1
2022,Nov,3.1,Grand Junction,2022-11-01,0,1
2022,Dec,3.1,Grand Junction,2022-12-01,0,1
2023,Jan,3.8,Grand Junction,2023-01-01,0,1
2023,Feb,4,Grand Junction,2023-02-01,0,1
2023,Mar,3.4,Grand Junction,2023-03-01,0,1
2023,Apr,2.9,Grand Junction,2023-04-01,0,1
2023,May,3.2,Grand Junction,2023-05-01,0,1
2023,Jun,4,Grand Junction,2023-06-01,0,1
2023,Jul,3.7,Grand Junction,2023-07-01,0,1
2023,Aug,3.7,Grand Junction,2023-08-01,0,1
2023,Sep,3.3,Grand Junction,2023-09-01,0,1
2023,Oct,3.4,Grand Junction,2023-10-01,0,1
2023,Nov,3.5,Grand Junction,2023-11-01,0,1
2023,Dec,3.9,Grand Junction,2023-12-01,0,1
2024,Jan,4.7,Grand Junction,2024-01-01,0,1
2024,Feb,4.6,Grand Junction,2024-02-01,0,1
2024,Mar,4.1,Grand Junction,2024-03-01,0,1
2024,Apr,3.8,Grand Junction,2024-04-01,0,1
2024,May,4,Grand Junction,2024-05-01,0,1
2024,Jun,4.6,Grand Junction,2024-06-01,0,1
2024,Jul,4.9,Grand Junction,2024-07-01,0,1
2024,Aug,4.6,Grand Junction,2024-08-01,0,1
2024,Sep,4.2,Grand Junction,2024-09-01,0,1
2024,Oct,4.3,Grand Junction,2024-10-01,0,1
2024,Nov,4.7,Grand Junction,2024-11-01,0,1
2024,Dec,4.6,Grand Junction,2024-12-01,0,1
2025,Jan,5.4,Grand Junction,2025-01-01,0,1
2020,Nov,7.6,Houston,2020-11-01,0,0
2020,Dec,7.5,Houston,2020-12-01,0,0
2021,Jan,7.8,Houston,2021-01-01,0,0
2021,Feb,7.5,Houston,2021-02-01,0,0
2021,Mar,7.1,Houston,2021-03-01,0,0
2021,Apr,6.6,Houston,2021-04-01,0,0
2021,May,6.3,Houston,2021-05-01,0,0
2021,Jun,7,Houston,2021-06-01,0,0
2021,Jul,6.5,Houston,2021-07-01,0,0
2021,Aug,6.1,Houston,2021-08-01,0,0
2021,Sep,5.5,Houston,2021-09-01,0,0
2021,Oct,5.1,Houston,2021-10-01,0,0
2021,Nov,4.8,Houston,2021-11-01,0,0
2021,Dec,4.4,Houston,2021-12-01,0,0
2022,Jan,5,Houston,2022-01-01,0,1
2022,Feb,4.7,Houston,2022-02-01,0,1
2022,Mar,4.1,Houston,2022-03-01,0,1
2022,Apr,3.8,Houston,2022-04-01,0,1
2022,May,3.9,Houston,2022-05-01,0,1
2022,Jun,4.5,Houston,2022-06-01,0,1
2022,Jul,4.3,Houston,2022-07-01,0,1
2022,Aug,4.3,Houston,2022-08-01,0,1
2022,Sep,4.1,Houston,2022-09-01,0,1
2022,Oct,4,Houston,2022-10-01,0,1
2022,Nov,4.1,Houston,2022-11-01,0,1
2022,Dec,3.9,Houston,2022-12-01,0,1
2023,Jan,4.5,Houston,2023-01-01,0,1
2023,Feb,4.5,Houston,2023-02-01,0,1
2023,Mar,4.2,Houston,2023-03-01,0,1
2023,Apr,3.7,Houston,2023-04-01,0,1
2023,May,4.1,Houston,2023-05-01,0,1
2023,Jun,4.4,Houston,2023-06-01,0,1
2023,Jul,4.4,Houston,2023-07-01,0,1
2023,Aug,4.5,Houston,2023-08-01,0,1
2023,Sep,4.3,Houston,2023-09-01,0,1
2023,Oct,4,Houston,2023-10-01,0,1
2023,Nov,3.9,Houston,2023-11-01,0,1
2023,Dec,3.9,Houston,2023-12-01,0,1
2024,Jan,4.3,Houston,2024-01-01,0,1
2024,Feb,4.4,Houston,2024-02-01,0,1
2024,Mar,4.1,Houston,2024-03-01,0,1
2024,Apr,3.7,Houston,2024-04-01,0,1
2024,May,4,Houston,2024-05-01,0,1
2024,Jun,4.7,Houston,2024-06-01,0,1
2024,Jul,5,Houston,2024-07-01,0,1
2024,Aug,4.8,Houston,2024-08-01,0,1
2024,Sep,4.4,Houston,2024-09-01,0,1
2024,Oct,4.3,Houston,2024-10-01,0,1
2024,Nov,4.4,Houston,2024-11-01,0,1
2024,Dec,4,Houston,2024-12-01,0,1
2025,Jan,4.4,Houston,2025-01-01,0,1
2020,Nov,5,Lawton,2020-11-01,0,0
2020,Dec,5,Lawton,2020-12-01,0,0
2021,Jan,5.2,Lawton,2021-01-01,0,0
2021,Feb,5,Lawton,2021-02-01,0,0
2021,Mar,4.4,Lawton,2021-03-01,0,0
2021,Apr,4.6,Lawton,2021-04-01,0,0
2021,May,4.8,Lawton,2021-05-01,0,0
2021,Jun,5.4,Lawton,2021-06-01,0,0
2021,Jul,4.5,Lawton,2021-07-01,0,0
2021,Aug,4.1,Lawton,2021-08-01,0,0
2021,Sep,3.4,Lawton,2021-09-01,0,0
2021,Oct,3.3,Lawton,2021-10-01,0,0
2021,Nov,3,Lawton,2021-11-01,0,0
2021,Dec,2.9,Lawton,2021-12-01,0,0
2022,Jan,3.7,Lawton,2022-01-01,0,1
2022,Feb,3.6,Lawton,2022-02-01,0,1
2022,Mar,3.3,Lawton,2022-03-01,0,1
2022,Apr,3,Lawton,2022-04-01,0,1
2022,May,3.5,Lawton,2022-05-01,0,1
2022,Jun,3.8,Lawton,2022-06-01,0,1
2022,Jul,3.7,Lawton,2022-07-01,0,1
2022,Aug,3.9,Lawton,2022-08-01,0,1
2022,Sep,3.7,Lawton,2022-09-01,0,1
2022,Oct,3.7,Lawton,2022-10-01,0,1
2022,Nov,3.4,Lawton,2022-11-01,0,1
2022,Dec,3.3,Lawton,2022-12-01,0,1
2023,Jan,3.7,Lawton,2023-01-01,0,1
2023,Feb,3.7,Lawton,2023-02-01,0,1
2023,Mar,3.3,Lawton,2023-03-01,0,1
2023,Apr,2.8,Lawton,2023-04-01,0,1
2023,May,3.8,Lawton,2023-05-01,0,1
2023,Jun,4,Lawton,2023-06-01,0,1
2023,Jul,3.7,Lawton,2023-07-01,0,1
2023,Aug,4.1,Lawton,2023-08-01,0,1
2023,Sep,4,Lawton,2023-09-01,0,1
2023,Oct,4.1,Lawton,2023-10-01,0,1
2023,Nov,3.9,Lawton,2023-11-01,0,1
2023,Dec,3.8,Lawton,2023-12-01,0,1
2024,Jan,4,Lawton,2024-01-01,0,1
2024,Feb,3.9,Lawton,2024-02-01,0,1
2024,Mar,3.5,Lawton,2024-03-01,0,1
2024,Apr,3.1,Lawton,2024-04-01,0,1
2024,May,3.7,Lawton,2024-05-01,0,1
2024,Jun,3.9,Lawton,2024-06-01,0,1
2024,Jul,3.8,Lawton,2024-07-01,0,1
2024,Aug,3.7,Lawton,2024-08-01,0,1
2024,Sep,3.5,Lawton,2024-09-01,0,1
2024,Oct,3.5,Lawton,2024-10-01,0,1
2024,Nov,3.5,Lawton,2024-11-01,0,1
2024,Dec,3.2,Lawton,2024-12-01,0,1
2025,Jan,3.8,Lawton,2025-01-01,0,1
2020,Nov,4.8,Louisville,2020-11-01,0,0
2020,Dec,4.7,Louisville,2020-12-01,0,0
2021,Jan,4.6,Louisville,2021-01-01,0,0
2021,Feb,4.6,Louisville,2021-02-01,0,0
2021,Mar,4.6,Louisville,2021-03-01,0,0
2021,Apr,4.6,Louisville,2021-04-01,0,0
2021,May,4.6,Louisville,2021-05-01,0,0
2021,Jun,4.6,Louisville,2021-06-01,0,0
2021,Jul,4.6,Louisville,2021-07-01,0,0
2021,Aug,4.5,Louisville,2021-08-01,0,0
2021,Sep,4.4,Louisville,2021-09-01,0,0
2021,Oct,4.3,Louisville,2021-10-01,0,0
2021,Nov,4.2,Louisville,2021-11-01,0,0
2021,Dec,4.1,Louisville,2021-12-01,0,0
2022,Jan,4,Louisville,2022-01-01,0,1
2022,Feb,4,Louisville,2022-02-01,0,1
2022,Mar,4,Louisville,2022-03-01,0,1
2022,Apr,4,Louisville,2022-04-01,0,1
2022,May,4,Louisville,2022-05-01,0,1
2022,Jun,4,Louisville,2022-06-01,0,1
2022,Jul,4.1,Louisville,2022-07-01,0,1
2022,Aug,4.1,Louisville,2022-08-01,0,1
2022,Sep,4.1,Louisville,2022-09-01,0,1
2022,Oct,4.1,Louisville,2022-10-01,0,1
2022,Nov,4.1,Louisville,2022-11-01,0,1
2022,Dec,4.1,Louisville,2022-12-01,0,1
2023,Jan,4.1,Louisville,2023-01-01,0,1
2023,Feb,4.1,Louisville,2023-02-01,0,1
2023,Mar,4.1,Louisville,2023-03-01,0,1
2023,Apr,4.1,Louisville,2023-04-01,0,1
2023,May,4.2,Louisville,2023-05-01,0,1
2023,Jun,4.2,Louisville,2023-06-01,0,1
2023,Jul,4.3,Louisville,2023-07-01,0,1
2023,Aug,4.4,Louisville,2023-08-01,0,1
2023,Sep,4.4,Louisville,2023-09-01,0,1
2023,Oct,4.5,Louisville,2023-10-01,0,1
2023,Nov,4.5,Louisville,2023-11-01,0,1
2023,Dec,4.6,Louisville,2023-12-01,0,1
2024,Jan,4.7,Louisville,2024-01-01,0,1
2024,Feb,4.7,Louisville,2024-02-01,0,1
2024,Mar,4.8,Louisville,2024-03-01,0,1
2024,Apr,4.9,Louisville,2024-04-01,0,1
2024,May,4.9,Louisville,2024-05-01,0,1
2024,Jun,5,Louisville,2024-06-01,0,1
2024,Jul,5.1,Louisville,2024-07-01,0,1
2024,Aug,5.2,Louisville,2024-08-01,0,1
2024,Sep,5.3,Louisville,2024-09-01,0,1
2024,Oct,5.4,Louisville,2024-10-01,0,1
2024,Nov,5.4,Louisville,2024-11-01,0,1
2024,Dec,5.3,Louisville,2024-12-01,0,1
2025,Jan,5.3,Louisville,2025-01-01,0,1
2020,Nov,5.5,Lubbock,2020-11-01,0,0
2020,Dec,5.5,Lubbock,2020-12-01,0,0
2021,Jan,5.8,Lubbock,2021-01-01,0,0
2021,Feb,5.6,Lubbock,2021-02-01,0,0
2021,Mar,5.4,Lubbock,2021-03-01,0,0
2021,Apr,4.8,Lubbock,2021-04-01,0,0
2021,May,4.7,Lubbock,2021-05-01,0,0
2021,Jun,5.7,Lubbock,2021-06-01,0,0
2021,Jul,5.2,Lubbock,2021-07-01,0,0
2021,Aug,4.7,Lubbock,2021-08-01,0,0
2021,Sep,4.3,Lubbock,2021-09-01,0,0
2021,Oct,4.1,Lubbock,2021-10-01,0,0
2021,Nov,3.8,Lubbock,2021-11-01,0,0
2021,Dec,3.5,Lubbock,2021-12-01,0,0
2022,Jan,3.9,Lubbock,2022-01-01,0,1
2022,Feb,3.7,Lubbock,2022-02-01,0,1
2022,Mar,3.2,Lubbock,2022-03-01,0,1
2022,Apr,3,Lubbock,2022-04-01,0,1
2022,May,3.2,Lubbock,2022-05-01,0,1
2022,Jun,4,Lubbock,2022-06-01,0,1
2022,Jul,3.9,Lubbock,2022-07-01,0,1
2022,Aug,3.7,Lubbock,2022-08-01,0,1
2022,Sep,3.4,Lubbock,2022-09-01,0,1
2022,Oct,3.4,Lubbock,2022-10-01,0,1
2022,Nov,3.4,Lubbock,2022-11-01,0,1
2022,Dec,3.1,Lubbock,2022-12-01,0,1
2023,Jan,3.7,Lubbock,2023-01-01,0,1
2023,Feb,3.8,Lubbock,2023-02-01,0,1
2023,Mar,3.6,Lubbock,2023-03-01,0,1
2023,Apr,2.9,Lubbock,2023-04-01,0,1
2023,May,3.3,Lubbock,2023-05-01,0,1
2023,Jun,3.8,Lubbock,2023-06-01,0,1
2023,Jul,3.9,Lubbock,2023-07-01,0,1
2023,Aug,3.7,Lubbock,2023-08-01,0,1
2023,Sep,3.3,Lubbock,2023-09-01,0,1
2023,Oct,3.2,Lubbock,2023-10-01,0,1
2023,Nov,3,Lubbock,2023-11-01,0,1
2023,Dec,2.9,Lubbock,2023-12-01,0,1
2024,Jan,3.4,Lubbock,2024-01-01,0,1
2024,Feb,3.6,Lubbock,2024-02-01,0,1
2024,Mar,3.5,Lubbock,2024-03-01,0,1
2024,Apr,2.8,Lubbock,2024-04-01,0,1
2024,May,3.2,Lubbock,2024-05-01,0,1
2024,Jun,4.1,Lubbock,2024-06-01,0,1
2024,Jul,4.1,Lubbock,2024-07-01,0,1
2024,Aug,3.8,Lubbock,2024-08-01,0,1
2024,Sep,3.5,Lubbock,2024-09-01,0,1
2024,Oct,3.5,Lubbock,2024-10-01,0,1
2024,Nov,3.5,Lubbock,2024-11-01,0,1
2024,Dec,3.1,Lubbock,2024-12-01,0,1
2025,Jan,3.5,Lubbock,2025-01-01,0,1
2020,Nov,7.4,Memphis,2020-11-01,0,0
2020,Dec,7.1,Memphis,2020-12-01,0,0
2021,Jan,7.8,Memphis,2021-01-01,0,0
2021,Feb,7.3,Memphis,2021-02-01,0,0
2021,Mar,7,Memphis,2021-03-01,0,0
2021,Apr,6.6,Memphis,2021-04-01,0,0
2021,May,6.6,Memphis,2021-05-01,0,0
2021,Jun,7.8,Memphis,2021-06-01,0,0
2021,Jul,7.3,Memphis,2021-07-01,0,0
2021,Aug,6.3,Memphis,2021-08-01,0,0
2021,Sep,5.3,Memphis,2021-09-01,0,0
2021,Oct,4.7,Memphis,2021-10-01,0,0
2021,Nov,4.1,Memphis,2021-11-01,0,0
2021,Dec,3.8,Memphis,2021-12-01,0,0
2022,Jan,4.8,Memphis,2022-01-01,0,1
2022,Feb,4.3,Memphis,2022-02-01,0,1
2022,Mar,3.9,Memphis,2022-03-01,0,1
2022,Apr,3.7,Memphis,2022-04-01,0,1
2022,May,3.7,Memphis,2022-05-01,0,1
2022,Jun,4.7,Memphis,2022-06-01,0,1
2022,Jul,4.6,Memphis,2022-07-01,0,1
2022,Aug,4.4,Memphis,2022-08-01,0,1
2022,Sep,4,Memphis,2022-09-01,0,1
2022,Oct,4,Memphis,2022-10-01,0,1
2022,Nov,3.7,Memphis,2022-11-01,0,1
2022,Dec,3.4,Memphis,2022-12-01,0,1
2023,Jan,4.1,Memphis,2023-01-01,0,1
2023,Feb,3.9,Memphis,2023-02-01,0,1
2023,Mar,3.8,Memphis,2023-03-01,0,1
2023,Apr,3.2,Memphis,2023-04-01,0,1
2023,May,3.6,Memphis,2023-05-01,0,1
2023,Jun,4.4,Memphis,2023-06-01,0,1
2023,Jul,4.2,Memphis,2023-07-01,0,1
2023,Aug,4.2,Memphis,2023-08-01,0,1
2023,Sep,3.8,Memphis,2023-09-01,0,1
2023,Oct,3.8,Memphis,2023-10-01,0,1
2023,Nov,3.4,Memphis,2023-11-01,0,1
2023,Dec,3.4,Memphis,2023-12-01,0,1
2024,Jan,3.9,Memphis,2024-01-01,0,1
2024,Feb,3.6,Memphis,2024-02-01,0,1
2024,Mar,3.7,Memphis,2024-03-01,0,1
2024,Apr,3.2,Memphis,2024-04-01,0,1
2024,May,3.5,Memphis,2024-05-01,0,1
2024,Jun,4.7,Memphis,2024-06-01,0,1
2024,Jul,4.8,Memphis,2024-07-01,0,1
2024,Aug,4.6,Memphis,2024-08-01,0,1
2024,Sep,4.3,Memphis,2024-09-01,0,1
2024,Oct,4.3,Memphis,2024-10-01,0,1
2024,Nov,4.4,Memphis,2024-11-01,0,1
2024,Dec,4.2,Memphis,2024-12-01,0,1
2025,Jan,4.5,Memphis,2025-01-01,0,1
2020,Nov,9.5,Midland,2020-11-01,0,0
2020,Dec,9.1,Midland,2020-12-01,0,0
2021,Jan,8.8,Midland,2021-01-01,0,0
2021,Feb,8.3,Midland,2021-02-01,0,0
2021,Mar,7.5,Midland,2021-03-01,0,0
2021,Apr,7,Midland,2021-04-01,0,0
2021,May,6.5,Midland,2021-05-01,0,0
2021,Jun,7,Midland,2021-06-01,0,0
2021,Jul,6.2,Midland,2021-07-01,0,0
2021,Aug,5.7,Midland,2021-08-01,0,0
2021,Sep,5.2,Midland,2021-09-01,0,0
2021,Oct,4.8,Midland,2021-10-01,0,0
2021,Nov,4.4,Midland,2021-11-01,0,0
2021,Dec,3.9,Midland,2021-12-01,0,0
2022,Jan,4.4,Midland,2022-01-01,0,1
2022,Feb,4.1,Midland,2022-02-01,0,1
2022,Mar,3.5,Midland,2022-03-01,0,1
2022,Apr,3.1,Midland,2022-04-01,0,1
2022,May,3.2,Midland,2022-05-01,0,1
2022,Jun,3.6,Midland,2022-06-01,0,1
2022,Jul,3.4,Midland,2022-07-01,0,1
2022,Aug,3.2,Midland,2022-08-01,0,1
2022,Sep,3,Midland,2022-09-01,0,1
2022,Oct,3,Midland,2022-10-01,0,1
2022,Nov,3,Midland,2022-11-01,0,1
2022,Dec,2.7,Midland,2022-12-01,0,1
2023,Jan,3.1,Midland,2023-01-01,0,1
2023,Feb,3.2,Midland,2023-02-01,0,1
2023,Mar,2.8,Midland,2023-03-01,0,1
2023,Apr,2.5,Midland,2023-04-01,0,1
2023,May,2.8,Midland,2023-05-01,0,1
2023,Jun,2.9,Midland,2023-06-01,0,1
2023,Jul,3,Midland,2023-07-01,0,1
2023,Aug,3,Midland,2023-08-01,0,1
2023,Sep,2.8,Midland,2023-09-01,0,1
2023,Oct,2.7,Midland,2023-10-01,0,1
2023,Nov,2.5,Midland,2023-11-01,0,1
2023,Dec,2.4,Midland,2023-12-01,0,1
2024,Jan,2.9,Midland,2024-01-01,0,1
2024,Feb,3.1,Midland,2024-02-01,0,1
2024,Mar,2.7,Midland,2024-03-01,0,1
2024,Apr,2.5,Midland,2024-04-01,0,1
2024,May,2.7,Midland,2024-05-01,0,1
2024,Jun,3.1,Midland,2024-06-01,0,1
2024,Jul,3.2,Midland,2024-07-01,0,1
2024,Aug,3.2,Midland,2024-08-01,0,1
2024,Sep,2.9,Midland,2024-09-01,0,1
2024,Oct,3,Midland,2024-10-01,0,1
2024,Nov,3,Midland,2024-11-01,0,1
2024,Dec,2.6,Midland,2024-12-01,0,1
2025,Jan,3,Midland,2025-01-01,0,1
2020,Nov,4.8,Nashville,2020-11-01,0,0
2020,Dec,4.7,Nashville,2020-12-01,0,0
2021,Jan,4.8,Nashville,2021-01-01,0,0
2021,Feb,4.6,Nashville,2021-02-01,0,0
2021,Mar,4.4,Nashville,2021-03-01,0,0
2021,Apr,4.2,Nashville,2021-04-01,0,0
2021,May,4,Nashville,2021-05-01,0,0
2021,Jun,4.7,Nashville,2021-06-01,0,0
2021,Jul,4,Nashville,2021-07-01,0,0
2021,Aug,3.6,Nashville,2021-08-01,0,0
2021,Sep,3.3,Nashville,2021-09-01,0,0
2021,Oct,3,Nashville,2021-10-01,0,0
2021,Nov,2.7,Nashville,2021-11-01,0,0
2021,Dec,2.5,Nashville,2021-12-01,0,0
2022,Jan,3,Nashville,2022-01-01,0,1
2022,Feb,2.8,Nashville,2022-02-01,0,1
2022,Mar,2.7,Nashville,2022-03-01,0,1
2022,Apr,2.6,Nashville,2022-04-01,0,1
2022,May,2.6,Nashville,2022-05-01,0,1
2022,Jun,3.3,Nashville,2022-06-01,0,1
2022,Jul,2.9,Nashville,2022-07-01,0,1
2022,Aug,2.9,Nashville,2022-08-01,0,1
2022,Sep,2.7,Nashville,2022-09-01,0,1
2022,Oct,2.8,Nashville,2022-10-01,0,1
2022,Nov,2.7,Nashville,2022-11-01,0,1
2022,Dec,2.4,Nashville,2022-12-01,0,1
2023,Jan,2.8,Nashville,2023-01-01,0,1
2023,Feb,2.7,Nashville,2023-02-01,0,1
2023,Mar,2.6,Nashville,2023-03-01,0,1
2023,Apr,2.2,Nashville,2023-04-01,0,1
2023,May,2.6,Nashville,2023-05-01,0,1
2023,Jun,3,Nashville,2023-06-01,0,1
2023,Jul,2.8,Nashville,2023-07-01,0,1
2023,Aug,2.7,Nashville,2023-08-01,0,1
2023,Sep,2.7,Nashville,2023-09-01,0,1
2023,Oct,2.7,Nashville,2023-10-01,0,1
2023,Nov,2.5,Nashville,2023-11-01,0,1
2023,Dec,2.4,Nashville,2023-12-01,0,1
2024,Jan,2.7,Nashville,2024-01-01,0,1
2024,Feb,2.5,Nashville,2024-02-01,0,1
2024,Mar,2.6,Nashville,2024-03-01,0,1
2024,Apr,2.3,Nashville,2024-04-01,0,1
2024,May,2.5,Nashville,2024-05-01,0,1
2024,Jun,3.2,Nashville,2024-06-01,0,1
2024,Jul,3.3,Nashville,2024-07-01,0,1
2024,Aug,3.1,Nashville,2024-08-01,0,1
2024,Sep,3,Nashville,2024-09-01,0,1
2024,Oct,3,Nashville,2024-10-01,0,1
2024,Nov,3.1,Nashville,2024-11-01,0,1
2024,Dec,3,Nashville,2024-12-01,0,1
2025,Jan,3.1,Nashville,2025-01-01,0,1
2020,Nov,12.3,Odessa,2020-11-01,0,0
2020,Dec,12,Odessa,2020-12-01,0,0
2021,Jan,11.6,Odessa,2021-01-01,0,0
2021,Feb,11,Odessa,2021-02-01,0,0
2021,Mar,10,Odessa,2021-03-01,0,0
2021,Apr,9.4,Odessa,2021-04-01,0,0
2021,May,8.7,Odessa,2021-05-01,0,0
2021,Jun,9.3,Odessa,2021-06-01,0,0
2021,Jul,8.2,Odessa,2021-07-01,0,0
2021,Aug,7.4,Odessa,2021-08-01,0,0
2021,Sep,6.6,Odessa,2021-09-01,0,0
2021,Oct,6,Odessa,2021-10-01,0,0
2021,Nov,5.5,Odessa,2021-11-01,0,0
2021,Dec,5,Odessa,2021-12-01,0,0
2022,Jan,5.3,Odessa,2022-01-01,0,1
2022,Feb,4.8,Odessa,2022-02-01,0,1
2022,Mar,4.1,Odessa,2022-03-01,0,1
2022,Apr,3.8,Odessa,2022-04-01,0,1
2022,May,3.8,Odessa,2022-05-01,0,1
2022,Jun,4.2,Odessa,2022-06-01,0,1
2022,Jul,3.9,Odessa,2022-07-01,0,1
2022,Aug,3.8,Odessa,2022-08-01,0,1
2022,Sep,3.6,Odessa,2022-09-01,0,1
2022,Oct,3.6,Odessa,2022-10-01,0,1
2022,Nov,3.6,Odessa,2022-11-01,0,1
2022,Dec,3.3,Odessa,2022-12-01,0,1
2023,Jan,3.7,Odessa,2023-01-01,0,1
2023,Feb,3.8,Odessa,2023-02-01,0,1
2023,Mar,3.4,Odessa,2023-03-01,0,1
2023,Apr,3,Odessa,2023-04-01,0,1
2023,May,3.2,Odessa,2023-05-01,0,1
2023,Jun,3.5,Odessa,2023-06-01,0,1
2023,Jul,3.6,Odessa,2023-07-01,0,1
2023,Aug,3.6,Odessa,2023-08-01,0,1
2023,Sep,3.3,Odessa,2023-09-01,0,1
2023,Oct,3.2,Odessa,2023-10-01,0,1
2023,Nov,3.1,Odessa,2023-11-01,0,1
2023,Dec,3,Odessa,2023-12-01,0,1
2024,Jan,3.5,Odessa,2024-01-01,0,1
2024,Feb,3.6,Odessa,2024-02-01,0,1
2024,Mar,3.2,Odessa,2024-03-01,0,1
2024,Apr,3,Odessa,2024-04-01,0,1
2024,May,3.2,Odessa,2024-05-01,0,1
2024,Jun,3.8,Odessa,2024-06-01,0,1
2024,Jul,3.8,Odessa,2024-07-01,0,1
2024,Aug,3.9,Odessa,2024-08-01,0,1
2024,Sep,3.6,Odessa,2024-09-01,0,1
2024,Oct,3.6,Odessa,2024-10-01,0,1
2024,Nov,3.6,Odessa,2024-11-01,0,1
2024,Dec,3.2,Odessa,2024-12-01,0,1
2025,Jan,3.7,Odessa,2025-01-01,0,1
2020,Nov,6,Phoenix,2020-11-01,0,0
2020,Dec,6,Phoenix,2020-12-01,0,0
2021,Jan,6.1,Phoenix,2021-01-01,0,0
2021,Feb,5.8,Phoenix,2021-02-01,0,0
2021,Mar,5.4,Phoenix,2021-03-01,0,0
2021,Apr,5.2,Phoenix,2021-04-01,0,0
2021,May,5,Phoenix,2021-05-01,0,0
2021,Jun,5.5,Phoenix,2021-06-01,0,0
2021,Jul,4.9,Phoenix,2021-07-01,0,0
2021,Aug,4.3,Phoenix,2021-08-01,0,0
2021,Sep,3.9,Phoenix,2021-09-01,0,0
2021,Oct,3.4,Phoenix,2021-10-01,0,0
2021,Nov,3,Phoenix,2021-11-01,0,0
2021,Dec,2.8,Phoenix,2021-12-01,0,0
2022,Jan,3.4,Phoenix,2022-01-01,0,1
2022,Feb,3.2,Phoenix,2022-02-01,0,1
2022,Mar,2.9,Phoenix,2022-03-01,0,1
2022,Apr,3.1,Phoenix,2022-04-01,0,1
2022,May,3.2,Phoenix,2022-05-01,0,1
2022,Jun,3.7,Phoenix,2022-06-01,0,1
2022,Jul,3.7,Phoenix,2022-07-01,0,1
2022,Aug,3.7,Phoenix,2022-08-01,0,1
2022,Sep,3.5,Phoenix,2022-09-01,0,1
2022,Oct,3.4,Phoenix,2022-10-01,0,1
2022,Nov,3.1,Phoenix,2022-11-01,0,1
2022,Dec,2.9,Phoenix,2022-12-01,0,1
2023,Jan,3.1,Phoenix,2023-01-01,0,1
2023,Feb,3.1,Phoenix,2023-02-01,0,1
2023,Mar,3,Phoenix,2023-03-01,0,1
2023,Apr,2.9,Phoenix,2023-04-01,0,1
2023,May,3.2,Phoenix,2023-05-01,0,1
2023,Jun,3.6,Phoenix,2023-06-01,0,1
2023,Jul,3.6,Phoenix,2023-07-01,0,1
2023,Aug,3.6,Phoenix,2023-08-01,0,1
2023,Sep,3.4,Phoenix,2023-09-01,0,1
2023,Oct,3.4,Phoenix,2023-10-01,0,1
2023,Nov,3,Phoenix,2023-11-01,0,1
2023,Dec,2.9,Phoenix,2023-12-01,0,1
2024,Jan,3,Phoenix,2024-01-01,0,1
2024,Feb,3,Phoenix,2024-02-01,0,1
2024,Mar,2.7,Phoenix,2024-03-01,0,1
2024,Apr,2.6,Phoenix,2024-04-01,0,1
2024,May,2.9,Phoenix,2024-05-01,0,1
2024,Jun,3.5,Phoenix,2024-06-01,0,1
2024,Jul,3.8,Phoenix,2024-07-01,0,1
2024,Aug,3.6,Phoenix,2024-08-01,0,1
2024,Sep,3.4,Phoenix,2024-09-01,0,1
2024,Oct,3.4,Phoenix,2024-10-01,0,1
2024,Nov,3.3,Phoenix,2024-11-01,0,1
2024,Dec,3.1,Phoenix,2024-12-01,0,1
2025,Jan,3.5,Phoenix,2025-01-01,0,1
2020,Nov,5.4,Reno,2020-11-01,0,0
2020,Dec,5.3,Reno,2020-12-01,0,0
2021,Jan,5.3,Reno,2021-01-01,0,0
2021,Feb,5.3,Reno,2021-02-01,0,0
2021,Mar,4.8,Reno,2021-03-01,0,0
2021,Apr,4.8,Reno,2021-04-01,0,0
2021,May,4.1,Reno,2021-05-01,0,0
2021,Jun,4.4,Reno,2021-06-01,0,0
2021,Jul,4.4,Reno,2021-07-01,0,0
2021,Aug,4.1,Reno,2021-08-01,0,0
2021,Sep,3.4,Reno,2021-09-01,0,0
2021,Oct,3.4,Reno,2021-10-01,0,0
2021,Nov,3.2,Reno,2021-11-01,0,0
2021,Dec,3.2,Reno,2021-12-01,0,0
2022,Jan,4.2,Reno,2022-01-01,0,1
2022,Feb,3.9,Reno,2022-02-01,0,1
2022,Mar,3.7,Reno,2022-03-01,0,1
2022,Apr,3.9,Reno,2022-04-01,0,1
2022,May,4,Reno,2022-05-01,0,1
2022,Jun,4.5,Reno,2022-06-01,0,1
2022,Jul,4.3,Reno,2022-07-01,0,1
2022,Aug,4.4,Reno,2022-08-01,0,1
2022,Sep,4,Reno,2022-09-01,0,1
2022,Oct,4.2,Reno,2022-10-01,0,1
2022,Nov,4.2,Reno,2022-11-01,0,1
2022,Dec,4.1,Reno,2022-12-01,0,1
2023,Jan,5.1,Reno,2023-01-01,0,1
2023,Feb,4.8,Reno,2023-02-01,0,1
2023,Mar,4.7,Reno,2023-03-01,0,1
2023,Apr,4.2,Reno,2023-04-01,0,1
2023,May,4.4,Reno,2023-05-01,0,1
2023,Jun,4.5,Reno,2023-06-01,0,1
2023,Jul,4.4,Reno,2023-07-01,0,1
2023,Aug,4.5,Reno,2023-08-01,0,1
2023,Sep,4.4,Reno,2023-09-01,0,1
2023,Oct,4.3,Reno,2023-10-01,0,1
2023,Nov,4,Reno,2023-11-01,0,1
2023,Dec,4.2,Reno,2023-12-01,0,1
2024,Jan,4.8,Reno,2024-01-01,0,1
2024,Feb,4.9,Reno,2024-02-01,0,1
2024,Mar,4.8,Reno,2024-03-01,0,1
2024,Apr,4.6,Reno,2024-04-01,0,1
2024,May,4.7,Reno,2024-05-01,0,1
2024,Jun,5.1,Reno,2024-06-01,0,1
2024,Jul,5.2,Reno,2024-07-01,0,1
2024,Aug,5,Reno,2024-08-01,0,1
2024,Sep,4.5,Reno,2024-09-01,0,1
2024,Oct,4.7,Reno,2024-10-01,0,1
2024,Nov,4.6,Reno,2024-11-01,0,1
2024,Dec,4.7,Reno,2024-12-01,0,1
2025,Jan,5.1,Reno,2025-01-01,0,1
2020,Nov,7.6,Sacramento,2020-11-01,0,0
2020,Dec,7.7,Sacramento,2020-12-01,0,0
2021,Jan,7.8,Sacramento,2021-01-01,0,0
2021,Feb,7.6,Sacramento,2021-02-01,0,0
2021,Mar,7.2,Sacramento,2021-03-01,0,0
2021,Apr,7,Sacramento,2021-04-01,0,0
2021,May,6.4,Sacramento,2021-05-01,0,0
2021,Jun,7.1,Sacramento,2021-06-01,0,0
2021,Jul,6.7,Sacramento,2021-07-01,0,0
2021,Aug,6.4,Sacramento,2021-08-01,0,0
2021,Sep,5.5,Sacramento,2021-09-01,0,0
2021,Oct,5.2,Sacramento,2021-10-01,0,0
2021,Nov,4.8,Sacramento,2021-11-01,0,0
2021,Dec,4.4,Sacramento,2021-12-01,0,0
2022,Jan,5,Sacramento,2022-01-01,0,1
2022,Feb,4.5,Sacramento,2022-02-01,0,1
2022,Mar,3.9,Sacramento,2022-03-01,0,1
2022,Apr,3.5,Sacramento,2022-04-01,0,1
2022,May,3.1,Sacramento,2022-05-01,0,1
2022,Jun,3.7,Sacramento,2022-06-01,0,1
2022,Jul,3.6,Sacramento,2022-07-01,0,1
2022,Aug,3.8,Sacramento,2022-08-01,0,1
2022,Sep,3.4,Sacramento,2022-09-01,0,1
2022,Oct,3.6,Sacramento,2022-10-01,0,1
2022,Nov,3.7,Sacramento,2022-11-01,0,1
2022,Dec,3.5,Sacramento,2022-12-01,0,1
2023,Jan,4.3,Sacramento,2023-01-01,0,1
2023,Feb,4.3,Sacramento,2023-02-01,0,1
2023,Mar,4.2,Sacramento,2023-03-01,0,1
2023,Apr,3.7,Sacramento,2023-04-01,0,1
2023,May,3.7,Sacramento,2023-05-01,0,1
2023,Jun,4.2,Sacramento,2023-06-01,0,1
2023,Jul,4.2,Sacramento,2023-07-01,0,1
2023,Aug,4.5,Sacramento,2023-08-01,0,1
2023,Sep,4.3,Sacramento,2023-09-01,0,1
2023,Oct,4.4,Sacramento,2023-10-01,0,1
2023,Nov,4.3,Sacramento,2023-11-01,0,1
2023,Dec,4.4,Sacramento,2023-12-01,0,1
2024,Jan,4.9,Sacramento,2024-01-01,0,1
2024,Feb,4.9,Sacramento,2024-02-01,0,1
2024,Mar,4.6,Sacramento,2024-03-01,0,1
2024,Apr,4.2,Sacramento,2024-04-01,0,1
2024,May,3.9,Sacramento,2024-05-01,0,1
2024,Jun,4.8,Sacramento,2024-06-01,0,1
2024,Jul,5.1,Sacramento,2024-07-01,0,1
2024,Aug,5.1,Sacramento,2024-08-01,0,1
2024,Sep,4.6,Sacramento,2024-09-01,0,1
2024,Oct,4.7,Sacramento,2024-10-01,0,1
2024,Nov,4.8,Sacramento,2024-11-01,0,1
2024,Dec,4.5,Sacramento,2024-12-01,0,1
2025,Jan,5,Sacramento,2025-01-01,0,1
2020,Nov,6.3,San Antonio,2020-11-01,0,0
2020,Dec,6.1,San Antonio,2020-12-01,0,0
2021,Jan,6.4,San Antonio,2021-01-01,0,0
2021,Feb,6.3,San Antonio,2021-02-01,0,0
2021,Mar,5.9,San Antonio,2021-03-01,0,0
2021,Apr,5.3,San Antonio,2021-04-01,0,0
2021,May,5.1,San Antonio,2021-05-01,0,0
2021,Jun,5.8,San Antonio,2021-06-01,0,0
2021,Jul,5.3,San Antonio,2021-07-01,0,0
2021,Aug,5,San Antonio,2021-08-01,0,0
2021,Sep,4.7,San Antonio,2021-09-01,0,0
2021,Oct,4.4,San Antonio,2021-10-01,0,0
2021,Nov,4.1,San Antonio,2021-11-01,0,0
2021,Dec,3.7,San Antonio,2021-12-01,0,0
2022,Jan,4.3,San Antonio,2022-01-01,0,1
2022,Feb,4,San Antonio,2022-02-01,0,1
2022,Mar,3.5,San Antonio,2022-03-01,0,1
2022,Apr,3.3,San Antonio,2022-04-01,0,1
2022,May,3.4,San Antonio,2022-05-01,0,1
2022,Jun,4,San Antonio,2022-06-01,0,1
2022,Jul,3.8,San Antonio,2022-07-01,0,1
2022,Aug,3.8,San Antonio,2022-08-01,0,1
2022,Sep,3.6,San Antonio,2022-09-01,0,1
2022,Oct,3.6,San Antonio,2022-10-01,0,1
2022,Nov,3.6,San Antonio,2022-11-01,0,1
2022,Dec,3.4,San Antonio,2022-12-01,0,1
2023,Jan,4,San Antonio,2023-01-01,0,1
2023,Feb,4.1,San Antonio,2023-02-01,0,1
2023,Mar,3.8,San Antonio,2023-03-01,0,1
2023,Apr,3.3,San Antonio,2023-04-01,0,1
2023,May,3.7,San Antonio,2023-05-01,0,1
2023,Jun,3.9,San Antonio,2023-06-01,0,1
2023,Jul,4,San Antonio,2023-07-01,0,1
2023,Aug,4,San Antonio,2023-08-01,0,1
2023,Sep,3.8,San Antonio,2023-09-01,0,1
2023,Oct,3.6,San Antonio,2023-10-01,0,1
2023,Nov,3.4,San Antonio,2023-11-01,0,1
2023,Dec,3.3,San Antonio,2023-12-01,0,1
2024,Jan,3.8,San Antonio,2024-01-01,0,1
2024,Feb,4,San Antonio,2024-02-01,0,1
2024,Mar,3.6,San Antonio,2024-03-01,0,1
2024,Apr,3.3,San Antonio,2024-04-01,0,1
2024,May,3.5,San Antonio,2024-05-01,0,1
2024,Jun,4.1,San Antonio,2024-06-01,0,1
2024,Jul,4.1,San Antonio,2024-07-01,0,1
2024,Aug,4.1,San Antonio,2024-08-01,0,1
2024,Sep,3.8,San Antonio,2024-09-01,0,1
2024,Oct,3.8,San Antonio,2024-10-01,0,1
2024,Nov,3.8,San Antonio,2024-11-01,0,1
2024,Dec,3.4,San Antonio,2024-12-01,0,1
2025,Jan,3.8,San Antonio,2025-01-01,0,1
2020,Nov,5.4,Sierra Vista,2020-11-01,0,0
2020,Dec,5.7,Sierra Vista,2020-12-01,0,0
2021,Jan,5.7,Sierra Vista,2021-01-01,0,0
2021,Feb,6.1,Sierra Vista,2021-02-01,0,0
2021,Mar,5.6,Sierra Vista,2021-03-01,0,0
2021,Apr,5.7,Sierra Vista,2021-04-01,0,0
2021,May,5.7,Sierra Vista,2021-05-01,0,0
2021,Jun,6.2,Sierra Vista,2021-06-01,0,0
2021,Jul,5.7,Sierra Vista,2021-07-01,0,0
2021,Aug,5.2,Sierra Vista,2021-08-01,0,0
2021,Sep,4.7,Sierra Vista,2021-09-01,0,0
2021,Oct,4.3,Sierra Vista,2021-10-01,0,0
2021,Nov,3.9,Sierra Vista,2021-11-01,0,0
2021,Dec,3.7,Sierra Vista,2021-12-01,0,0
2022,Jan,4.4,Sierra Vista,2022-01-01,0,1
2022,Feb,4.2,Sierra Vista,2022-02-01,0,1
2022,Mar,3.8,Sierra Vista,2022-03-01,0,1
2022,Apr,4.1,Sierra Vista,2022-04-01,0,1
2022,May,4.3,Sierra Vista,2022-05-01,0,1
2022,Jun,5,Sierra Vista,2022-06-01,0,1
2022,Jul,5.1,Sierra Vista,2022-07-01,0,1
2022,Aug,5.1,Sierra Vista,2022-08-01,0,1
2022,Sep,4.7,Sierra Vista,2022-09-01,0,1
2022,Oct,4.6,Sierra Vista,2022-10-01,0,1
2022,Nov,4.3,Sierra Vista,2022-11-01,0,1
2022,Dec,4.1,Sierra Vista,2022-12-01,0,1
2023,Jan,4.4,Sierra Vista,2023-01-01,0,1
2023,Feb,4.5,Sierra Vista,2023-02-01,0,1
2023,Mar,4.3,Sierra Vista,2023-03-01,0,1
2023,Apr,4.1,Sierra Vista,2023-04-01,0,1
2023,May,4.4,Sierra Vista,2023-05-01,0,1
2023,Jun,4.8,Sierra Vista,2023-06-01,0,1
2023,Jul,4.9,Sierra Vista,2023-07-01,0,1
2023,Aug,4.7,Sierra Vista,2023-08-01,0,1
2023,Sep,4.5,Sierra Vista,2023-09-01,0,1
2023,Oct,4.4,Sierra Vista,2023-10-01,0,1
2023,Nov,4,Sierra Vista,2023-11-01,0,1
2023,Dec,3.8,Sierra Vista,2023-12-01,0,1
2024,Jan,4,Sierra Vista,2024-01-01,0,1
2024,Feb,4,Sierra Vista,2024-02-01,0,1
2024,Mar,3.6,Sierra Vista,2024-03-01,0,1
2024,Apr,3.5,Sierra Vista,2024-04-01,0,1
2024,May,3.9,Sierra Vista,2024-05-01,0,1
2024,Jun,4.7,Sierra Vista,2024-06-01,0,1
2024,Jul,5.1,Sierra Vista,2024-07-01,0,1
2024,Aug,4.7,Sierra Vista,2024-08-01,0,1
2024,Sep,4.5,Sierra Vista,2024-09-01,0,1
2024,Oct,4.4,Sierra Vista,2024-10-01,0,1
2024,Nov,4.4,Sierra Vista,2024-11-01,0,1
2024,Dec,4.3,Sierra Vista,2024-12-01,0,1
2025,Jan,4.7,Sierra Vista,2025-01-01,0,1
2020,Nov,6.2,Spokane,2020-11-01,0,0
2020,Dec,7.2,Spokane,2020-12-01,0,0
2021,Jan,7.2,Spokane,2021-01-01,0,0
2021,Feb,7.6,Spokane,2021-02-01,0,0
2021,Mar,6.6,Spokane,2021-03-01,0,0
2021,Apr,5.1,Spokane,2021-04-01,0,0
2021,May,4.7,Spokane,2021-05-01,0,0
2021,Jun,4.6,Spokane,2021-06-01,0,0
2021,Jul,4.7,Spokane,2021-07-01,0,0
2021,Aug,5,Spokane,2021-08-01,0,0
2021,Sep,4.2,Spokane,2021-09-01,0,0
2021,Oct,4,Spokane,2021-10-01,0,0
2021,Nov,3.7,Spokane,2021-11-01,0,0
2021,Dec,4.1,Spokane,2021-12-01,0,0
2022,Jan,5.4,Spokane,2022-01-01,0,1
2022,Feb,5.2,Spokane,2022-02-01,0,1
2022,Mar,4.9,Spokane,2022-03-01,0,1
2022,Apr,3.7,Spokane,2022-04-01,0,1
2022,May,3.9,Spokane,2022-05-01,0,1
2022,Jun,3.7,Spokane,2022-06-01,0,1
2022,Jul,3.4,Spokane,2022-07-01,0,1
2022,Aug,4.5,Spokane,2022-08-01,0,1
2022,Sep,3.4,Spokane,2022-09-01,0,1
2022,Oct,3.6,Spokane,2022-10-01,0,1
2022,Nov,4.4,Spokane,2022-11-01,0,1
2022,Dec,4.7,Spokane,2022-12-01,0,1
2023,Jan,5.1,Spokane,2023-01-01,0,1
2023,Feb,5.4,Spokane,2023-02-01,0,1
2023,Mar,4.6,Spokane,2023-03-01,0,1
2023,Apr,3.4,Spokane,2023-04-01,0,1
2023,May,3.1,Spokane,2023-05-01,0,1
2023,Jun,2.7,Spokane,2023-06-01,0,1
2023,Jul,3.7,Spokane,2023-07-01,0,1
2023,Aug,4.5,Spokane,2023-08-01,0,1
2023,Sep,3.7,Spokane,2023-09-01,0,1
2023,Oct,4.2,Spokane,2023-10-01,0,1
2023,Nov,4.1,Spokane,2023-11-01,0,1
2023,Dec,5.2,Spokane,2023-12-01,0,1
2024,Jan,5.5,Spokane,2024-01-01,0,1
2024,Feb,6,Spokane,2024-02-01,0,1
2024,Mar,5.2,Spokane,2024-03-01,0,1
2024,Apr,3.9,Spokane,2024-04-01,0,1
2024,May,4.2,Spokane,2024-05-01,0,1
2024,Jun,3.8,Spokane,2024-06-01,0,1
2024,Jul,4.7,Spokane,2024-07-01,0,1
2024,Aug,4.8,Spokane,2024-08-01,0,1
2024,Sep,3.7,Spokane,2024-09-01,0,1
2024,Oct,4.2,Spokane,2024-10-01,0,1
2024,Nov,4.4,Spokane,2024-11-01,0,1
2024,Dec,4.9,Spokane,2024-12-01,0,1
2025,Jan,5.3,Spokane,2025-01-01,0,1
2020,Nov,6.1,Wichita Falls,2020-11-01,0,0
2020,Dec,6.2,Wichita Falls,2020-12-01,0,0
2021,Jan,6.4,Wichita Falls,2021-01-01,0,0
2021,Feb,6.2,Wichita Falls,2021-02-01,0,0
2021,Mar,5.7,Wichita Falls,2021-03-01,0,0
2021,Apr,5.1,Wichita Falls,2021-04-01,0,0
2021,May,5,Wichita Falls,2021-05-01,0,0
2021,Jun,5.7,Wichita Falls,2021-06-01,0,0
2021,Jul,5.2,Wichita Falls,2021-07-01,0,0
2021,Aug,4.8,Wichita Falls,2021-08-01,0,0
2021,Sep,4.6,Wichita Falls,2021-09-01,0,0
2021,Oct,4.3,Wichita Falls,2021-10-01,0,0
2021,Nov,4.1,Wichita Falls,2021-11-01,0,0
2021,Dec,3.7,Wichita Falls,2021-12-01,0,0
2022,Jan,4.4,Wichita Falls,2022-01-01,0,1
2022,Feb,4.1,Wichita Falls,2022-02-01,0,1
2022,Mar,3.6,Wichita Falls,2022-03-01,0,1
2022,Apr,3.4,Wichita Falls,2022-04-01,0,1
2022,May,3.5,Wichita Falls,2022-05-01,0,1
2022,Jun,4.1,Wichita Falls,2022-06-01,0,1
2022,Jul,3.9,Wichita Falls,2022-07-01,0,1
2022,Aug,3.9,Wichita Falls,2022-08-01,0,1
2022,Sep,3.5,Wichita Falls,2022-09-01,0,1
2022,Oct,3.6,Wichita Falls,2022-10-01,0,1
2022,Nov,3.6,Wichita Falls,2022-11-01,0,1
2022,Dec,3.4,Wichita Falls,2022-12-01,0,1
2023,Jan,4,Wichita Falls,2023-01-01,0,1
2023,Feb,4.1,Wichita Falls,2023-02-01,0,1
2023,Mar,3.9,Wichita Falls,2023-03-01,0,1
2023,Apr,3.2,Wichita Falls,2023-04-01,0,1
2023,May,3.5,Wichita Falls,2023-05-01,0,1
2023,Jun,3.9,Wichita Falls,2023-06-01,0,1
2023,Jul,4,Wichita Falls,2023-07-01,0,1
2023,Aug,3.9,Wichita Falls,2023-08-01,0,1
2023,Sep,3.8,Wichita Falls,2023-09-01,0,1
2023,Oct,3.5,Wichita Falls,2023-10-01,0,1
2023,Nov,3.3,Wichita Falls,2023-11-01,0,1
2023,Dec,3.3,Wichita Falls,2023-12-01,0,1
2024,Jan,3.8,Wichita Falls,2024-01-01,0,1
2024,Feb,4.1,Wichita Falls,2024-02-01,0,1
2024,Mar,3.8,Wichita Falls,2024-03-01,0,1
2024,Apr,3.2,Wichita Falls,2024-04-01,0,1
2024,May,3.5,Wichita Falls,2024-05-01,0,1
2024,Jun,4.3,Wichita Falls,2024-06-01,0,1
2024,Jul,4.3,Wichita Falls,2024-07-01,0,1
2024,Aug,4.2,Wichita Falls,2024-08-01,0,1
2024,Sep,3.7,Wichita Falls,2024-09-01,0,1
2024,Oct,3.8,Wichita Falls,2024-10-01,0,1
2024,Nov,3.8,Wichita Falls,2024-11-01,0,1
2024,Dec,3.3,Wichita Falls,2024-12-01,0,1
2025,Jan,3.8,Wichita Falls,2025-01-01,0,1
2020,Nov,6.2,Wichita,2020-11-01,0,0
2020,Dec,5.9,Wichita,2020-12-01,0,0
2021,Jan,5.8,Wichita,2021-01-01,0,0
2021,Feb,5.4,Wichita,2021-02-01,0,0
2021,Mar,5,Wichita,2021-03-01,0,0
2021,Apr,4.7,Wichita,2021-04-01,0,0
2021,May,4.6,Wichita,2021-05-01,0,0
2021,Jun,5.3,Wichita,2021-06-01,0,0
2021,Jul,5.2,Wichita,2021-07-01,0,0
2021,Aug,4.5,Wichita,2021-08-01,0,0
2021,Sep,3.6,Wichita,2021-09-01,0,0
2021,Oct,3.5,Wichita,2021-10-01,0,0
2021,Nov,2.7,Wichita,2021-11-01,0,0
2021,Dec,2.6,Wichita,2021-12-01,0,0
2022,Jan,3.3,Wichita,2022-01-01,0,1
2022,Feb,3.3,Wichita,2022-02-01,0,1
2022,Mar,3.2,Wichita,2022-03-01,0,1
2022,Apr,2.6,Wichita,2022-04-01,0,1
2022,May,2.8,Wichita,2022-05-01,0,1
2022,Jun,3.2,Wichita,2022-06-01,0,1
2022,Jul,3.6,Wichita,2022-07-01,0,1
2022,Aug,3.6,Wichita,2022-08-01,0,1
2022,Sep,2.8,Wichita,2022-09-01,0,1
2022,Oct,3,Wichita,2022-10-01,0,1
2022,Nov,2.7,Wichita,2022-11-01,0,1
2022,Dec,2.7,Wichita,2022-12-01,0,1
2023,Jan,3.2,Wichita,2023-01-01,0,1
2023,Feb,3.4,Wichita,2023-02-01,0,1
2023,Mar,3.1,Wichita,2023-03-01,0,1
2023,Apr,2.7,Wichita,2023-04-01,0,1
2023,May,2.9,Wichita,2023-05-01,0,1
2023,Jun,3.3,Wichita,2023-06-01,0,1
2023,Jul,3.5,Wichita,2023-07-01,0,1
2023,Aug,3.5,Wichita,2023-08-01,0,1
2023,Sep,2.9,Wichita,2023-09-01,0,1
2023,Oct,3.1,Wichita,2023-10-01,0,1
2023,Nov,2.6,Wichita,2023-11-01,0,1
2023,Dec,2.8,Wichita,2023-12-01,0,1
2024,Jan,3.5,Wichita,2024-01-01,0,1
2024,Feb,3.8,Wichita,2024-02-01,0,1
2024,Mar,3.6,Wichita,2024-03-01,0,1
2024,Apr,3.3,Wichita,2024-04-01,0,1
2024,May,3.6,Wichita,2024-05-01,0,1
2024,Jun,4.1,Wichita,2024-06-01,0,1
2024,Jul,4.9,Wichita,2024-07-01,0,1
2024,Aug,4.4,Wichita,2024-08-01,0,1
2024,Sep,3.7,Wichita,2024-09-01,0,1
2024,Oct,4.1,Wichita,2024-10-01,0,1
2024,Nov,4.2,Wichita,2024-11-01,0,1
2024,Dec,3.7,Wichita,2024-12-01,0,1
2025,Jan,4.3,Wichita,2025-01-01,0,1
2020,Nov,5.5,Tulsa,2020-11-01,0,0
2020,Dec,5.4,Tulsa,2020-12-01,0,0
2021,Jan,5.7,Tulsa,2021-01-01,0,0
2021,Feb,5.4,Tulsa,2021-02-01,0,0
2021,Mar,4.5,Tulsa,2021-03-01,0,0
2021,Apr,4.6,Tulsa,2021-04-01,0,0
2021,May,4.5,Tulsa,2021-05-01,0,0
2021,Jun,5.1,Tulsa,2021-06-01,0,0
2021,Jul,4.3,Tulsa,2021-07-01,0,0
2021,Aug,3.8,Tulsa,2021-08-01,0,0
2021,Sep,3.2,Tulsa,2021-09-01,0,0
2021,Oct,3.2,Tulsa,2021-10-01,0,0
2021,Nov,2.8,Tulsa,2021-11-01,0,0
2021,Dec,2.6,Tulsa,2021-12-01,0,0
2022,Jan,3.4,Tulsa,2022-01-01,0,1
2022,Feb,3.3,Tulsa,2022-02-01,0,1
2022,Mar,3,Tulsa,2022-03-01,0,1
2022,Apr,2.7,Tulsa,2022-04-01,0,1
2022,May,3.1,Tulsa,2022-05-01,0,1
2022,Jun,3.4,Tulsa,2022-06-01,0,1
2022,Jul,3.2,Tulsa,2022-07-01,0,1
2022,Aug,3.4,Tulsa,2022-08-01,0,1
2022,Sep,3.1,Tulsa,2022-09-01,0,1
2022,Oct,3.2,Tulsa,2022-10-01,0,1
2022,Nov,3,Tulsa,2022-11-01,0,1
2022,Dec,2.8,Tulsa,2022-12-01,0,1
2023,Jan,3.2,Tulsa,2023-01-01,0,1
2023,Feb,3.3,Tulsa,2023-02-01,0,1
2023,Mar,3,Tulsa,2023-03-01,0,1
2023,Apr,2.5,Tulsa,2023-04-01,0,1
2023,May,3.1,Tulsa,2023-05-01,0,1
2023,Jun,3.3,Tulsa,2023-06-01,0,1
2023,Jul,3.2,Tulsa,2023-07-01,0,1
2023,Aug,3.4,Tulsa,2023-08-01,0,1
2023,Sep,3.4,Tulsa,2023-09-01,0,1
2023,Oct,3.4,Tulsa,2023-10-01,0,1
2023,Nov,3.3,Tulsa,2023-11-01,0,1
2023,Dec,3.2,Tulsa,2023-12-01,0,1
2024,Jan,3.8,Tulsa,2024-01-01,0,1
2024,Feb,3.8,Tulsa,2024-02-01,0,1
2024,Mar,3.2,Tulsa,2024-03-01,0,1
2024,Apr,2.8,Tulsa,2024-04-01,0,1
2024,May,3.3,Tulsa,2024-05-01,0,1
2024,Jun,3.5,Tulsa,2024-06-01,0,1
2024,Jul,3.5,Tulsa,2024-07-01,0,1
2024,Aug,3.4,Tulsa,2024-08-01,0,1
2024,Sep,3.1,Tulsa,2024-09-01,0,1
2024,Oct,3.2,Tulsa,2024-10-01,0,1
2024,Nov,3.1,Tulsa,2024-11-01,0,1
2024,Dec,2.9,Tulsa,2024-12-01,0,1
2025,Jan,3.4,Tulsa,2025-01-01,0,1
2020,Nov,7.7,Flagstaff,2020-11-01,0,0
2020,Dec,8.2,Flagstaff,2020-12-01,0,0
2021,Jan,8.6,Flagstaff,2021-01-01,0,0
2021,Feb,8.3,Flagstaff,2021-02-01,0,0
2021,Mar,7.5,Flagstaff,2021-03-01,0,0
2021,Apr,6.9,Flagstaff,2021-04-01,0,0
2021,May,6.7,Flagstaff,2021-05-01,0,0
2021,Jun,7.4,Flagstaff,2021-06-01,0,0
2021,Jul,6.5,Flagstaff,2021-07-01,0,0
2021,Aug,5.9,Flagstaff,2021-08-01,0,0
2021,Sep,5,Flagstaff,2021-09-01,0,0
2021,Oct,4.4,Flagstaff,2021-10-01,0,0
2021,Nov,4,Flagstaff,2021-11-01,0,0
2021,Dec,3.9,Flagstaff,2021-12-01,0,0
2022,Jan,4.9,Flagstaff,2022-01-01,0,1
2022,Feb,4.5,Flagstaff,2022-02-01,0,1
2022,Mar,4,Flagstaff,2022-03-01,0,1
2022,Apr,4,Flagstaff,2022-04-01,0,1
2022,May,4.2,Flagstaff,2022-05-01,0,1
2022,Jun,4.9,Flagstaff,2022-06-01,0,1
2022,Jul,4.8,Flagstaff,2022-07-01,0,1
2022,Aug,4.9,Flagstaff,2022-08-01,0,1
2022,Sep,4.2,Flagstaff,2022-09-01,0,1
2022,Oct,4.3,Flagstaff,2022-10-01,0,1
2022,Nov,3.9,Flagstaff,2022-11-01,0,1
2022,Dec,3.8,Flagstaff,2022-12-01,0,1
2023,Jan,4.3,Flagstaff,2023-01-01,0,1
2023,Feb,4.2,Flagstaff,2023-02-01,0,1
2023,Mar,3.8,Flagstaff,2023-03-01,0,1
2023,Apr,3.3,Flagstaff,2023-04-01,0,1
2023,May,3.9,Flagstaff,2023-05-01,0,1
2023,Jun,4.5,Flagstaff,2023-06-01,0,1
2023,Jul,4.6,Flagstaff,2023-07-01,0,1
2023,Aug,4.5,Flagstaff,2023-08-01,0,1
2023,Sep,4.1,Flagstaff,2023-09-01,0,1
2023,Oct,4,Flagstaff,2023-10-01,0,1
2023,Nov,3.6,Flagstaff,2023-11-01,0,1
2023,Dec,3.7,Flagstaff,2023-12-01,0,1
2024,Jan,3.9,Flagstaff,2024-01-01,0,1
2024,Feb,3.8,Flagstaff,2024-02-01,0,1
2024,Mar,3.2,Flagstaff,2024-03-01,0,1
2024,Apr,2.9,Flagstaff,2024-04-01,0,1
2024,May,3.4,Flagstaff,2024-05-01,0,1
2024,Jun,4.2,Flagstaff,2024-06-01,0,1
2024,Jul,4.5,Flagstaff,2024-07-01,0,1
2024,Aug,4.5,Flagstaff,2024-08-01,0,1
2024,Sep,4,Flagstaff,2024-09-01,0,1
2024,Oct,3.8,Flagstaff,2024-10-01,0,1
2024,Nov,4.2,Flagstaff,2024-11-01,0,1
2024,Dec,3.8,Flagstaff,2024-12-01,0,1
2025,Jan,4.5,Flagstaff,2025-01-01,0,1
2020,Nov,4.2,Cheyenne,2020-11-01,0,0
2020,Dec,4.7,Cheyenne,2020-12-01,0,0
2021,Jan,5.6,Cheyenne,2021-01-01,0,0
2021,Feb,5.3,Cheyenne,2021-02-01,0,0
2021,Mar,5,Cheyenne,2021-03-01,0,0
2021,Apr,4.5,Cheyenne,2021-04-01,0,0
2021,May,4.3,Cheyenne,2021-05-01,0,0
2021,Jun,4.5,Cheyenne,2021-06-01,0,0
2021,Jul,4,Cheyenne,2021-07-01,0,0
2021,Aug,3.6,Cheyenne,2021-08-01,0,0
2021,Sep,3.2,Cheyenne,2021-09-01,0,0
2021,Oct,3.1,Cheyenne,2021-10-01,0,0
2021,Nov,3.1,Cheyenne,2021-11-01,0,0
2021,Dec,3.2,Cheyenne,2021-12-01,0,0
2022,Jan,4.3,Cheyenne,2022-01-01,0,1
2022,Feb,4.1,Cheyenne,2022-02-01,0,1
2022,Mar,3.7,Cheyenne,2022-03-01,0,1
2022,Apr,3.4,Cheyenne,2022-04-01,0,1
2022,May,3.2,Cheyenne,2022-05-01,0,1
2022,Jun,3.5,Cheyenne,2022-06-01,0,1
2022,Jul,3.3,Cheyenne,2022-07-01,0,1
2022,Aug,3.3,Cheyenne,2022-08-01,0,1
2022,Sep,3.1,Cheyenne,2022-09-01,0,1
2022,Oct,3.1,Cheyenne,2022-10-01,0,1
2022,Nov,3.2,Cheyenne,2022-11-01,0,1
2022,Dec,3.4,Cheyenne,2022-12-01,0,1
2023,Jan,4.1,Cheyenne,2023-01-01,0,1
2023,Feb,3.8,Cheyenne,2023-02-01,0,1
2023,Mar,3.5,Cheyenne,2023-03-01,0,1
2023,Apr,2.9,Cheyenne,2023-04-01,0,1
2023,May,2.9,Cheyenne,2023-05-01,0,1
2023,Jun,2.9,Cheyenne,2023-06-01,0,1
2023,Jul,2.6,Cheyenne,2023-07-01,0,1
2023,Aug,2.7,Cheyenne,2023-08-01,0,1
2023,Sep,2.5,Cheyenne,2023-09-01,0,1
2023,Oct,2.6,Cheyenne,2023-10-01,0,1
2023,Nov,2.7,Cheyenne,2023-11-01,0,1
2023,Dec,2.8,Cheyenne,2023-12-01,0,1
2024,Jan,3.7,Cheyenne,2024-01-01,0,1
2024,Feb,3.7,Cheyenne,2024-02-01,0,1
2024,Mar,3.5,Cheyenne,2024-03-01,0,1
2024,Apr,3.1,Cheyenne,2024-04-01,0,1
2024,May,3.1,Cheyenne,2024-05-01,0,1
2024,Jun,3.4,Cheyenne,2024-06-01,0,1
2024,Jul,3.4,Cheyenne,2024-07-01,0,1
2024,Aug,3.4,Cheyenne,2024-08-01,0,1
2024,Sep,2.9,Cheyenne,2024-09-01,0,1
2024,Oct,3.3,Cheyenne,2024-10-01,0,1
2024,Nov,3.6,Cheyenne,2024-11-01,0,1
2024,Dec,3.7,Cheyenne,2024-12-01,0,1
2025,Jan,4.4,Cheyenne,2025-01-01,0,1
2020,Nov,5.3,Atlanta,2020-11-01,0,0
2020,Dec,5.2,Atlanta,2020-12-01,0,0
2021,Jan,5.2,Atlanta,2021-01-01,0,0
2021,Feb,4.7,Atlanta,2021-02-01,0,0
2021,Mar,4.4,Atlanta,2021-03-01,0,0
2021,Apr,4,Atlanta,2021-04-01,0,0
2021,May,4.1,Atlanta,2021-05-01,0,0
2021,Jun,4.5,Atlanta,2021-06-01,0,0
2021,Jul,3.9,Atlanta,2021-07-01,0,0
2021,Aug,3.9,Atlanta,2021-08-01,0,0
2021,Sep,3.3,Atlanta,2021-09-01,0,0
2021,Oct,3.2,Atlanta,2021-10-01,0,0
2021,Nov,2.9,Atlanta,2021-11-01,0,0
2021,Dec,2.7,Atlanta,2021-12-01,0,0
2022,Jan,3.4,Atlanta,2022-01-01,0,1
2022,Feb,3.1,Atlanta,2022-02-01,0,1
2022,Mar,3,Atlanta,2022-03-01,0,1
2022,Apr,2.5,Atlanta,2022-04-01,0,1
2022,May,2.9,Atlanta,2022-05-01,0,1
2022,Jun,3.3,Atlanta,2022-06-01,0,1
2022,Jul,3,Atlanta,2022-07-01,0,1
2022,Aug,3.4,Atlanta,2022-08-01,0,1
2022,Sep,2.9,Atlanta,2022-09-01,0,1
2022,Oct,3.1,Atlanta,2022-10-01,0,1
2022,Nov,2.9,Atlanta,2022-11-01,0,1
2022,Dec,2.9,Atlanta,2022-12-01,0,1
2023,Jan,3.3,Atlanta,2023-01-01,0,1
2023,Feb,3.3,Atlanta,2023-02-01,0,1
2023,Mar,3.2,Atlanta,2023-03-01,0,1
2023,Apr,2.7,Atlanta,2023-04-01,0,1
2023,May,3.3,Atlanta,2023-05-01,0,1
2023,Jun,3.5,Atlanta,2023-06-01,0,1
2023,Jul,3.2,Atlanta,2023-07-01,0,1
2023,Aug,3.6,Atlanta,2023-08-01,0,1
2023,Sep,3.2,Atlanta,2023-09-01,0,1
2023,Oct,3.3,Atlanta,2023-10-01,0,1
2023,Nov,3,Atlanta,2023-11-01,0,1
2023,Dec,3,Atlanta,2023-12-01,0,1
2024,Jan,3.3,Atlanta,2024-01-01,0,1
2024,Feb,3.3,Atlanta,2024-02-01,0,1
2024,Mar,3.3,Atlanta,2024-03-01,0,1
2024,Apr,3,Atlanta,2024-04-01,0,1
2024,May,3.4,Atlanta,2024-05-01,0,1
2024,Jun,3.8,Atlanta,2024-06-01,0,1
2024,Jul,3.7,Atlanta,2024-07-01,0,1
2024,Aug,3.9,Atlanta,2024-08-01,0,1
2024,Sep,3.4,Atlanta,2024-09-01,0,1
2024,Oct,3.5,Atlanta,2024-10-01,0,1
2024,Nov,3.4,Atlanta,2024-11-01,0,1
2024,Dec,3.3,Atlanta,2024-12-01,0,1
2025,Jan,3.4,Atlanta,2025-01-01,0,1
2020,Nov,11.5,Las Vegas,2020-11-01,0,0
2020,Dec,11.1,Las Vegas,2020-12-01,0,0
2021,Jan,10.7,Las Vegas,2021-01-01,0,0
2021,Feb,9.8,Las Vegas,2021-02-01,0,0
2021,Mar,9.1,Las Vegas,2021-03-01,0,0
2021,Apr,8.8,Las Vegas,2021-04-01,0,0
2021,May,8.1,Las Vegas,2021-05-01,0,0
2021,Jun,8.5,Las Vegas,2021-06-01,0,0
2021,Jul,7.9,Las Vegas,2021-07-01,0,0
2021,Aug,7.2,Las Vegas,2021-08-01,0,0
2021,Sep,6.5,Las Vegas,2021-09-01,0,0
2021,Oct,5.9,Las Vegas,2021-10-01,0,0
2021,Nov,5.7,Las Vegas,2021-11-01,0,0
2021,Dec,5.4,Las Vegas,2021-12-01,0,0
2022,Jan,6.1,Las Vegas,2022-01-01,0,1
2022,Feb,5.8,Las Vegas,2022-02-01,0,1
2022,Mar,5.4,Las Vegas,2022-03-01,0,1
2022,Apr,5.4,Las Vegas,2022-04-01,0,1
2022,May,5.5,Las Vegas,2022-05-01,0,1
2022,Jun,5.8,Las Vegas,2022-06-01,0,1
2022,Jul,5.8,Las Vegas,2022-07-01,0,1
2022,Aug,5.7,Las Vegas,2022-08-01,0,1
2022,Sep,5.4,Las Vegas,2022-09-01,0,1
2022,Oct,5.4,Las Vegas,2022-10-01,0,1
2022,Nov,5.4,Las Vegas,2022-11-01,0,1
2022,Dec,5.2,Las Vegas,2022-12-01,0,1
2023,Jan,5.5,Las Vegas,2023-01-01,0,1
2023,Feb,5.4,Las Vegas,2023-02-01,0,1
2023,Mar,5.2,Las Vegas,2023-03-01,0,1
2023,Apr,5,Las Vegas,2023-04-01,0,1
2023,May,5.3,Las Vegas,2023-05-01,0,1
2023,Jun,5.4,Las Vegas,2023-06-01,0,1
2023,Jul,5.6,Las Vegas,2023-07-01,0,1
2023,Aug,5.6,Las Vegas,2023-08-01,0,1
2023,Sep,5.5,Las Vegas,2023-09-01,0,1
2023,Oct,5.4,Las Vegas,2023-10-01,0,1
2023,Nov,5.2,Las Vegas,2023-11-01,0,1
2023,Dec,5.3,Las Vegas,2023-12-01,0,1
2024,Jan,5.5,Las Vegas,2024-01-01,0,1
2024,Feb,5.6,Las Vegas,2024-02-01,0,1
2024,Mar,5.5,Las Vegas,2024-03-01,0,1
2024,Apr,5.4,Las Vegas,2024-04-01,0,1
2024,May,5.5,Las Vegas,2024-05-01,0,1
2024,Jun,6,Las Vegas,2024-06-01,0,1
2024,Jul,6.4,Las Vegas,2024-07-01,0,1
2024,Aug,6.1,Las Vegas,2024-08-01,0,1
2024,Sep,5.8,Las Vegas,2024-09-01,0,1
2024,Oct,5.9,Las Vegas,2024-10-01,0,1
2024,Nov,6,Las Vegas,2024-11-01,0,1
2024,Dec,5.9,Las Vegas,2024-12-01,0,1
2025,Jan,6.1,Las Vegas,2025-01-01,0,1
2020,Nov,8.9,Riverside,2020-11-01,0,0
2020,Dec,8.9,Riverside,2020-12-01,0,0
2021,Jan,9,Riverside,2021-01-01,0,0
2021,Feb,8.7,Riverside,2021-02-01,0,0
2021,Mar,8.3,Riverside,2021-03-01,0,0
2021,Apr,8.2,Riverside,2021-04-01,0,0
2021,May,7.6,Riverside,2021-05-01,0,0
2021,Jun,8.5,Riverside,2021-06-01,0,0
2021,Jul,8.1,Riverside,2021-07-01,0,0
2021,Aug,7.6,Riverside,2021-08-01,0,0
2021,Sep,6.6,Riverside,2021-09-01,0,0
2021,Oct,6.2,Riverside,2021-10-01,0,0
2021,Nov,5.5,Riverside,2021-11-01,0,0
2021,Dec,5,Riverside,2021-12-01,0,0
2022,Jan,5.5,Riverside,2022-01-01,0,1
2022,Feb,4.8,Riverside,2022-02-01,0,1
2022,Mar,4.3,Riverside,2022-03-01,0,1
2022,Apr,3.8,Riverside,2022-04-01,0,1
2022,May,3.5,Riverside,2022-05-01,0,1
2022,Jun,4.2,Riverside,2022-06-01,0,1
2022,Jul,4.2,Riverside,2022-07-01,0,1
2022,Aug,4.4,Riverside,2022-08-01,0,1
2022,Sep,4,Riverside,2022-09-01,0,1
2022,Oct,4.2,Riverside,2022-10-01,0,1
2022,Nov,4.2,Riverside,2022-11-01,0,1
2022,Dec,3.8,Riverside,2022-12-01,0,1
2023,Jan,4.5,Riverside,2023-01-01,0,1
2023,Feb,4.5,Riverside,2023-02-01,0,1
2023,Mar,4.4,Riverside,2023-03-01,0,1
2023,Apr,3.9,Riverside,2023-04-01,0,1
2023,May,4.1,Riverside,2023-05-01,0,1
2023,Jun,4.8,Riverside,2023-06-01,0,1
2023,Jul,4.9,Riverside,2023-07-01,0,1
2023,Aug,5.3,Riverside,2023-08-01,0,1
2023,Sep,5,Riverside,2023-09-01,0,1
2023,Oct,5.2,Riverside,2023-10-01,0,1
2023,Nov,4.9,Riverside,2023-11-01,0,1
2023,Dec,4.8,Riverside,2023-12-01,0,1
2024,Jan,5.1,Riverside,2024-01-01,0,1
2024,Feb,5.2,Riverside,2024-02-01,0,1
2024,Mar,4.9,Riverside,2024-03-01,0,1
2024,Apr,4.6,Riverside,2024-04-01,0,1
2024,May,4.5,Riverside,2024-05-01,0,1
2024,Jun,5.4,Riverside,2024-06-01,0,1
2024,Jul,5.9,Riverside,2024-07-01,0,1
2024,Aug,6,Riverside,2024-08-01,0,1
2024,Sep,5.3,Riverside,2024-09-01,0,1
2024,Oct,5.4,Riverside,2024-10-01,0,1
2024,Nov,5.3,Riverside,2024-11-01,0,1
2024,Dec,4.9,Riverside,2024-12-01,0,1
2025,Jan,5.3,Riverside,2025-01-01,0,1
2020,Nov,5.6,Waco,2020-11-01,0,0
2020,Dec,5.6,Waco,2020-12-01,0,0
2021,Jan,6,Waco,2021-01-01,0,0
2021,Feb,5.8,Waco,2021-02-01,0,0
2021,Mar,5.6,Waco,2021-03-01,0,0
2021,Apr,4.9,Waco,2021-04-01,0,0
2021,May,5,Waco,2021-05-01,0,0
2021,Jun,5.8,Waco,2021-06-01,0,0
2021,Jul,5.2,Waco,2021-07-01,0,0
2021,Aug,4.9,Waco,2021-08-01,0,0
2021,Sep,4.5,Waco,2021-09-01,0,0
2021,Oct,4.3,Waco,2021-10-01,0,0
2021,Nov,4,Waco,2021-11-01,0,0
2021,Dec,3.6,Waco,2021-12-01,0,0
2022,Jan,4.3,Waco,2022-01-01,0,1
2022,Feb,4,Waco,2022-02-01,0,1
2022,Mar,3.6,Waco,2022-03-01,0,1
2022,Apr,3.3,Waco,2022-04-01,0,1
2022,May,3.5,Waco,2022-05-01,0,1
2022,Jun,4.2,Waco,2022-06-01,0,1
2022,Jul,4,Waco,2022-07-01,0,1
2022,Aug,3.8,Waco,2022-08-01,0,1
2022,Sep,3.5,Waco,2022-09-01,0,1
2022,Oct,3.6,Waco,2022-10-01,0,1
2022,Nov,3.6,Waco,2022-11-01,0,1
2022,Dec,3.5,Waco,2022-12-01,0,1
2023,Jan,4.4,Waco,2023-01-01,0,1
2023,Feb,4.5,Waco,2023-02-01,0,1
2023,Mar,4,Waco,2023-03-01,0,1
2023,Apr,3.5,Waco,2023-04-01,0,1
2023,May,3.6,Waco,2023-05-01,0,1
2023,Jun,4.1,Waco,2023-06-01,0,1
2023,Jul,4,Waco,2023-07-01,0,1
2023,Aug,4,Waco,2023-08-01,0,1
2023,Sep,3.7,Waco,2023-09-01,0,1
2023,Oct,3.5,Waco,2023-10-01,0,1
2023,Nov,3.3,Waco,2023-11-01,0,1
2023,Dec,3.2,Waco,2023-12-01,0,1
2024,Jan,3.9,Waco,2024-01-01,0,1
2024,Feb,4.1,Waco,2024-02-01,0,1
2024,Mar,3.6,Waco,2024-03-01,0,1
2024,Apr,3.2,Waco,2024-04-01,0,1
2024,May,3.6,Waco,2024-05-01,0,1
2024,Jun,4.3,Waco,2024-06-01,0,1
2024,Jul,4.3,Waco,2024-07-01,0,1
2024,Aug,4.2,Waco,2024-08-01,0,1
2024,Sep,3.8,Waco,2024-09-01,0,1
2024,Oct,3.8,Waco,2024-10-01,0,1
2024,Nov,3.8,Waco,2024-11-01,0,1
2024,Dec,3.3,Waco,2024-12-01,0,1
2025,Jan,3.9,Waco,2025-01-01,0,1
2020,Nov,7.3,Albuquerque,2020-11-01,1,0
2020,Dec,7.7,Albuquerque,2020-12-01,1,0
2021,Jan,7.9,Albuquerque,2021-01-01,1,0
2021,Feb,7.5,Albuquerque,2021-02-01,1,0
2021,Mar,7,Albuquerque,2021-03-01,1,0
2021,Apr,7,Albuquerque,2021-04-01,1,0
2021,May,6.7,Albuquerque,2021-05-01,1,0
2021,Jun,7.8,Albuquerque,2021-06-01,1,0
2021,Jul,7.5,Albuquerque,2021-07-01,1,0
2021,Aug,6.4,Albuquerque,2021-08-01,1,0
2021,Sep,5.6,Albuquerque,2021-09-01,1,0
2021,Oct,5.3,Albuquerque,2021-10-01,1,0
2021,Nov,5.1,Albuquerque,2021-11-01,1,0
2021,Dec,4.7,Albuquerque,2021-12-01,1,0
2022,Jan,5.1,Albuquerque,2022-01-01,1,1
2022,Feb,4.5,Albuquerque,2022-02-01,1,1
2022,Mar,3.9,Albuquerque,2022-03-01,1,1
2022,Apr,3.7,Albuquerque,2022-04-01,1,1
2022,May,3.6,Albuquerque,2022-05-01,1,1
2022,Jun,4.3,Albuquerque,2022-06-01,1,1
2022,Jul,4,Albuquerque,2022-07-01,1,1
2022,Aug,3.4,Albuquerque,2022-08-01,1,1
2022,Sep,3.1,Albuquerque,2022-09-01,1,1
2022,Oct,3,Albuquerque,2022-10-01,1,1
2022,Nov,2.9,Albuquerque,2022-11-01,1,1
2022,Dec,2.8,Albuquerque,2022-12-01,1,1
2023,Jan,3.4,Albuquerque,2023-01-01,1,1
2023,Feb,3.3,Albuquerque,2023-02-01,1,1
2023,Mar,2.9,Albuquerque,2023-03-01,1,1
2023,Apr,2.8,Albuquerque,2023-04-01,1,1
2023,May,3.1,Albuquerque,2023-05-01,1,1
2023,Jun,3.9,Albuquerque,2023-06-01,1,1
2023,Jul,4.2,Albuquerque,2023-07-01,1,1
2023,Aug,3.8,Albuquerque,2023-08-01,1,1
2023,Sep,3.5,Albuquerque,2023-09-01,1,1
2023,Oct,3.5,Albuquerque,2023-10-01,1,1
2023,Nov,3.4,Albuquerque,2023-11-01,1,1
2023,Dec,3.2,Albuquerque,2023-12-01,1,1
2024,Jan,3.5,Albuquerque,2024-01-01,1,1
2024,Feb,3.5,Albuquerque,2024-02-01,1,1
2024,Mar,3.2,Albuquerque,2024-03-01,1,1
2024,Apr,3.2,Albuquerque,2024-04-01,1,1
2024,May,3.5,Albuquerque,2024-05-01,1,1
2024,Jun,4.5,Albuquerque,2024-06-01,1,1
2024,Jul,5,Albuquerque,2024-07-01,1,1
2024,Aug,4.3,Albuquerque,2024-08-01,1,1
2024,Sep,3.9,Albuquerque,2024-09-01,1,1
2024,Oct,4,Albuquerque,2024-10-01,1,1
2024,Nov,4,Albuquerque,2024-11-01,1,1
2024,Dec,3.6,Albuquerque,2024-12-01,1,1
2025,Jan,4.2,Albuquerque,2025-01-01,1,1
